ID, VD1, ID1, VBAT, LUX, RSSI, STRING, N, HORARIO
1,3.17,-89.20,0.00,191.67,0.00,,0.00,18:0:9
2,3.17,-88.70,0.00,191.67,0.00,,0.00,18:0:10
3,3.17,-88.70,0.00,191.67,0.00,,0.00,18:0:11
4,3.17,-89.40,0.00,191.17,0.00,,0.00,18:0:12
5,3.17,-88.30,0.00,191.17,-58.00,UFABC,0.00,18:0:13
6,3.17,-89.20,0.00,191.17,-60.00,UFABC,1.00,18:0:14
7,3.17,-88.70,0.00,191.67,-60.00,UFABC,3.00,18:0:15
8,3.17,-89.00,0.00,191.17,-60.00,UFABC,4.00,18:0:16
9,3.17,-88.80,0.00,191.17,-55.00,UFABC,5.00,18:0:17
10,3.17,-88.20,0.00,191.17,-55.00,UFABC,6.00,18:0:18
11,3.16,-88.80,0.00,191.67,-55.00,UFABC,7.00,18:0:19
12,3.16,-89.60,0.00,191.67,-57.00,UFABC,8.00,18:0:20
13,3.17,-88.50,0.00,191.67,-58.00,UFABC,9.00,18:0:21
14,3.17,-88.60,0.00,191.67,-58.00,UFABC,10.00,18:0:22
15,3.17,-88.70,0.00,191.67,-58.00,UFABC,11.00,18:0:23
16,3.17,-88.50,0.00,191.67,-58.00,UFABC,12.00,18:0:24
17,3.17,-88.70,0.00,191.67,-55.00,UFABC,13.00,18:0:25
18,3.17,-88.40,0.00,191.67,-51.00,UFABC,14.00,18:0:26
19,3.17,-88.50,0.00,191.67,-50.00,UFABC,15.00,18:0:27
20,3.17,-88.40,0.00,191.67,-50.00,UFABC,16.00,18:0:28
1,3.17,-88.70,0.00,190.16,0.00,,0.00,18:1:49
2,3.17,-88.40,0.00,190.66,0.00,,0.00,18:1:50
3,3.17,-88.50,0.00,190.16,0.00,,0.00,18:1:51
4,3.17,-88.00,0.00,190.16,0.00,,0.00,18:1:52
5,3.17,-88.60,0.00,190.66,0.00,,0.00,18:1:53
6,3.17,-89.20,0.00,190.66,-52.00,UFABC,0.00,18:1:54
7,3.18,-88.40,0.00,190.66,-52.00,UFABC,1.00,18:1:55
8,3.17,-89.00,0.00,190.66,-52.00,UFABC,2.00,18:1:56
9,3.17,-88.40,0.00,191.17,-52.00,UFABC,3.00,18:1:57
10,3.17,-89.00,0.00,190.66,-52.00,UFABC,4.00,18:1:58
11,3.17,-89.00,0.00,190.66,-52.00,UFABC,5.00,18:1:59
12,3.17,-88.50,0.00,190.16,-52.00,UFABC,6.00,18:2:0
13,3.18,-88.20,0.00,190.16,-52.00,UFABC,7.00,18:2:1
14,3.18,-89.70,0.00,190.16,-52.00,UFABC,8.00,18:2:2
15,3.18,-88.60,0.00,190.16,-52.00,UFABC,9.00,18:2:3
16,3.18,-88.80,0.00,190.16,-56.00,UFABC,10.00,18:2:5
17,3.17,-89.50,0.00,190.66,-55.00,UFABC,11.00,18:2:6
18,3.17,-88.60,0.00,189.66,-54.00,UFABC,12.00,18:2:7
19,3.17,-88.60,0.00,190.66,-54.00,UFABC,14.00,18:2:8
20,3.17,-88.80,0.00,190.66,-56.00,UFABC,15.00,18:2:9
21,3.18,-88.50,0.00,190.66,-56.00,UFABC,16.00,18:2:10
22,3.17,-89.40,0.00,190.66,-57.00,UFABC,17.00,18:2:11
23,3.17,-88.60,0.00,190.66,-57.00,UFABC,18.00,18:2:12
24,3.17,-88.20,0.00,190.66,-59.00,UFABC,19.00,18:2:13
25,3.17,-89.30,0.00,191.17,-59.00,UFABC,20.00,18:2:14
26,3.17,-88.50,0.00,190.66,-59.00,UFABC,21.00,18:2:15
27,3.17,-88.60,0.00,190.66,-59.00,UFABC,22.00,18:2:16
28,3.17,-88.50,0.00,190.66,-59.00,UFABC,23.00,18:2:17
29,3.17,-88.30,0.00,190.66,-59.00,UFABC,24.00,18:2:18
30,3.18,-88.60,0.00,190.66,-59.00,UFABC,25.00,18:2:19
31,3.18,-89.00,0.00,190.66,-59.00,UFABC,26.00,18:2:20
32,3.17,-89.00,0.00,190.66,-58.00,UFABC,27.00,18:2:21
33,3.18,-88.40,0.00,190.16,-58.00,UFABC,28.00,18:2:22
34,3.18,-89.00,0.00,190.16,-58.00,UFABC,29.00,18:2:23
35,3.18,-89.00,0.00,190.16,-58.00,UFABC,30.00,18:2:24
36,3.17,-88.80,0.00,190.16,-58.00,UFABC,31.00,18:2:25
37,3.18,-88.60,0.00,190.16,-59.00,UFABC,32.00,18:2:26
38,3.18,-88.50,0.00,190.16,-59.00,UFABC,33.00,18:2:27
39,3.17,-88.50,0.00,190.16,-59.00,UFABC,34.00,18:2:28
40,3.17,-88.40,0.00,190.66,-60.00,UFABC,35.00,18:2:29
41,3.18,-89.50,0.00,190.66,-62.00,UFABC,36.00,18:2:30
42,3.18,-88.60,0.00,190.66,-62.00,UFABC,37.00,18:2:31
43,3.17,-89.20,0.00,190.66,-63.00,UFABC,38.00,18:2:32
44,3.18,-88.80,0.00,190.66,-63.00,UFABC,39.00,18:2:33
45,3.18,-89.20,0.00,190.16,-62.00,UFABC,40.00,18:2:34
46,3.17,-88.40,0.00,152.95,-51.00,UFABC,41.00,18:2:35
47,3.17,-88.60,0.00,19.32,-48.00,UFABC,42.00,18:2:37
48,3.18,-88.80,0.00,18.82,-48.00,UFABC,43.00,18:2:38
49,3.17,-89.00,0.00,20.33,-49.00,UFABC,44.00,18:2:39
50,3.18,-88.50,0.00,19.32,-49.00,UFABC,45.00,18:2:40
51,3.18,-88.90,0.00,19.83,-50.00,UFABC,46.00,18:2:41
52,3.17,-89.30,0.00,20.84,-50.00,UFABC,47.00,18:2:42
53,3.18,-88.40,0.00,20.84,-49.00,UFABC,48.00,18:2:43
54,3.17,-88.80,0.00,20.25,-49.00,UFABC,49.00,18:2:44
55,3.17,-88.70,0.00,20.33,-49.00,UFABC,51.00,18:2:45
56,3.17,-89.20,0.00,20.84,-49.00,UFABC,52.00,18:2:46
57,3.18,-89.00,0.00,20.84,-49.00,UFABC,53.00,18:2:47
58,3.17,-89.30,0.00,20.33,-49.00,UFABC,54.00,18:2:48
59,3.17,-88.60,0.00,24.72,-49.00,UFABC,55.00,18:2:49
60,3.17,-88.50,0.00,119.04,-49.00,UFABC,56.00,18:2:50
61,3.17,-88.50,0.00,142.96,-49.00,UFABC,57.00,18:2:51
62,3.18,-89.50,0.00,186.75,-54.00,UFABC,58.00,18:2:52
63,3.18,-89.00,0.00,169.37,-60.00,UFABC,59.00,18:2:53
64,3.17,-89.10,0.00,152.50,-58.00,UFABC,60.00,18:2:54
65,3.18,-85.50,0.00,141.55,-57.00,UFABC,61.00,18:2:55
66,3.17,-89.00,0.00,152.95,-59.00,UFABC,62.00,18:2:56
67,3.18,-88.50,0.00,134.07,-55.00,UFABC,63.00,18:2:57
68,3.18,-88.70,0.00,152.45,-59.00,UFABC,64.00,18:2:58
69,3.18,-88.40,0.00,157.42,-63.00,UFABC,65.00,18:2:59
70,3.17,-89.70,0.00,176.80,-62.00,UFABC,66.00,18:3:0
71,3.18,-88.70,0.00,175.30,-65.00,UFABC,67.00,18:3:1
72,3.17,-88.80,0.00,182.28,-73.00,UFABC,68.00,18:3:2
73,3.17,-88.80,0.00,183.73,-74.00,UFABC,69.00,18:3:3
74,3.17,-88.10,0.00,183.78,-75.00,UFABC,70.00,18:3:4
75,3.17,-89.00,0.00,132.45,-64.00,UFABC,71.00,18:3:6
76,3.17,-89.40,0.00,141.39,-56.00,UFABC,72.00,18:3:7
77,3.17,-89.10,0.00,100.22,-56.00,UFABC,73.00,18:3:8
78,3.18,-88.40,0.00,120.67,-53.00,UFABC,74.00,18:3:9
79,3.17,-88.80,0.00,183.23,-55.00,UFABC,75.00,18:3:10
80,3.17,-88.10,0.00,189.21,-58.00,UFABC,76.00,18:3:11
81,3.18,-88.80,0.00,189.66,-63.00,UFABC,77.00,18:3:12
82,3.17,-88.60,0.00,183.23,-57.00,UFABC,78.00,18:3:13
83,3.17,-88.70,0.00,189.21,-54.00,UFABC,79.00,18:3:14
84,3.17,-88.40,0.00,189.66,-56.00,UFABC,80.00,18:3:15
85,3.18,-89.20,0.00,126.64,-52.00,UFABC,81.00,18:3:16
86,3.18,-88.60,0.00,3039.22,-52.00,UFABC,83.00,18:3:17
87,3.18,-88.80,0.00,3213.31,-52.00,UFABC,84.00,18:3:18
88,3.17,-88.80,0.00,2971.45,-53.00,UFABC,85.00,18:3:19
89,3.17,-88.70,0.00,2937.78,-53.00,UFABC,86.00,18:3:20
90,3.17,-88.50,0.00,2914.91,-53.00,UFABC,87.00,18:3:21
91,3.17,-88.60,0.00,3432.96,-53.00,UFABC,88.00,18:3:22
92,3.18,-88.40,0.00,2160.94,-53.00,UFABC,89.00,18:3:23
93,3.17,-88.70,0.00,109.27,-53.00,UFABC,90.00,18:3:24
94,3.17,-88.40,0.00,1693.11,-53.00,UFABC,91.00,18:3:25
95,3.18,-89.50,0.00,305.28,-53.00,UFABC,92.00,18:3:26
96,3.18,-88.30,0.00,329.08,-53.00,UFABC,93.00,18:3:27
97,3.17,-88.80,0.00,689.84,-53.00,UFABC,94.00,18:3:28
98,3.18,-88.40,0.00,3392.96,-53.00,UFABC,95.00,18:3:29
99,3.17,-89.10,0.00,3389.00,-53.00,UFABC,96.00,18:3:30
100,3.17,-89.40,0.00,154.46,-53.00,UFABC,97.00,18:3:31
101,3.18,-88.30,0.00,191.17,-55.00,UFABC,98.00,18:3:32
1,3.16,-88.80,0.00,189.16,0.00,,0.00,18:8:56
2,3.15,-89.60,0.00,189.16,0.00,,0.00,18:8:57
3,3.16,-88.50,0.00,189.16,0.00,,0.00,18:8:58
4,3.16,-88.80,0.00,189.16,-54.00,UFABC,0.00,18:8:59
5,3.16,-89.00,0.00,189.16,-51.00,UFABC,1.00,18:9:0
6,3.16,-88.80,0.00,189.16,-51.00,UFABC,2.00,18:9:1
7,3.16,-88.70,0.00,189.16,-51.00,UFABC,3.00,18:9:2
8,3.15,-89.30,0.00,189.16,-51.00,UFABC,4.00,18:9:3
9,3.16,-89.50,0.00,189.16,-51.00,UFABC,5.00,18:9:4
10,3.16,-88.60,0.00,189.16,-51.00,UFABC,6.00,18:9:5
11,3.16,-88.90,0.00,189.16,-51.00,UFABC,7.00,18:9:7
12,3.15,-89.50,0.00,189.16,-51.00,UFABC,8.00,18:9:8
13,3.16,-88.50,0.00,189.16,-51.00,UFABC,9.00,18:9:9
14,3.16,-88.80,0.00,189.16,-51.00,UFABC,10.00,18:9:10
15,3.16,-89.20,0.00,189.16,-51.00,UFABC,11.00,18:9:11
16,3.16,-89.00,0.00,189.16,-51.00,UFABC,12.00,18:9:12
17,3.16,-89.00,0.00,189.16,-53.00,UFABC,13.00,18:9:13
18,3.16,-89.10,0.00,188.65,-52.00,UFABC,14.00,18:9:14
19,3.16,-89.00,0.00,188.65,-52.00,UFABC,15.00,18:9:15
20,3.16,-89.00,0.00,188.65,-52.00,UFABC,16.00,18:9:16
21,3.16,-88.50,0.00,188.65,-52.00,UFABC,17.00,18:9:17
22,3.16,-88.70,0.00,187.70,-56.00,UFABC,18.00,18:9:18
23,3.16,-88.80,0.00,187.70,-54.00,UFABC,19.00,18:9:19
24,3.16,-88.70,0.00,188.20,-52.00,UFABC,20.00,18:9:20
25,3.16,-89.30,0.00,188.71,-52.00,UFABC,21.00,18:9:21
26,3.16,-88.60,0.00,188.71,-52.00,UFABC,23.00,18:9:22
27,3.16,-89.00,0.00,188.71,-51.00,UFABC,24.00,18:9:23
28,3.16,-88.70,0.00,189.21,-51.00,UFABC,25.00,18:9:24
29,3.16,-88.70,0.00,188.71,-51.00,UFABC,26.00,18:9:25
30,3.15,-88.80,0.00,189.21,-51.00,UFABC,27.00,18:9:26
31,3.15,-89.20,0.00,189.71,-52.00,UFABC,28.00,18:9:27
32,3.15,-88.70,0.00,189.21,-53.00,UFABC,29.00,18:9:28
33,3.15,-89.70,0.00,189.21,-53.00,UFABC,30.00,18:9:29
34,3.16,-88.70,0.00,189.71,-53.00,UFABC,31.00,18:9:30
35,3.15,-89.10,0.00,189.71,-53.00,UFABC,32.00,18:9:31
36,3.16,-88.80,0.00,189.71,-54.00,UFABC,33.00,18:9:32
37,3.16,-88.60,0.00,189.71,-53.00,UFABC,34.00,18:9:33
38,3.16,-89.10,0.00,189.21,-53.00,UFABC,35.00,18:9:34
39,3.16,-88.70,0.00,189.21,-53.00,UFABC,36.00,18:9:36
40,3.15,-88.90,0.00,189.21,-53.00,UFABC,37.00,18:9:37
41,3.16,-88.80,0.00,189.21,-53.00,UFABC,38.00,18:9:38
42,3.16,-88.60,0.00,189.21,-53.00,UFABC,39.00,18:9:39
43,3.15,-89.70,0.00,189.21,-53.00,UFABC,40.00,18:9:40
44,3.16,-88.80,0.00,189.21,-53.00,UFABC,41.00,18:9:41
45,3.16,-89.50,0.00,189.21,-53.00,UFABC,42.00,18:9:42
46,3.16,-89.40,0.00,189.21,-53.00,UFABC,43.00,18:9:43
47,3.16,-88.60,0.00,189.21,-53.00,UFABC,44.00,18:9:44
48,3.16,-89.20,0.00,189.21,-53.00,UFABC,45.00,18:9:45
49,3.16,-88.80,0.00,189.21,-53.00,UFABC,46.00,18:9:46
50,3.16,-88.70,0.00,189.21,-51.00,UFABC,47.00,18:9:47
51,3.16,-89.40,0.00,189.21,-51.00,UFABC,48.00,18:9:48
52,3.16,-89.10,0.00,189.21,-51.00,UFABC,49.00,18:9:49
53,3.16,-89.60,0.00,189.21,-51.00,UFABC,50.00,18:9:50
54,3.16,-89.00,0.00,189.21,-51.00,UFABC,51.00,18:9:51
55,3.16,-89.10,0.00,189.21,-51.00,UFABC,52.00,18:9:52
56,3.16,-89.50,0.00,189.21,-51.00,UFABC,53.00,18:9:53
57,3.16,-88.60,0.00,189.21,-51.00,UFABC,55.00,18:9:54
58,3.16,-89.10,0.00,188.71,-51.00,UFABC,56.00,18:9:55
59,3.16,-89.20,0.00,186.24,-53.00,UFABC,57.00,18:9:56
60,3.15,-89.00,0.00,188.20,-53.00,UFABC,58.00,18:9:57
61,3.16,-88.80,0.00,189.21,-53.00,UFABC,59.00,18:9:58
62,3.15,-89.20,0.00,189.21,-53.00,UFABC,60.00,18:9:59
63,3.16,-89.00,0.00,188.71,-53.00,UFABC,61.00,18:10:0
64,3.16,-89.20,0.00,188.20,-53.00,UFABC,62.00,18:10:1
65,3.16,-89.00,0.00,188.20,-53.00,UFABC,63.00,18:10:2
66,3.15,-89.30,0.00,176.75,-53.00,UFABC,64.00,18:10:4
67,3.16,-89.00,0.00,176.75,-53.00,UFABC,65.00,18:10:5
68,3.16,-89.50,0.00,176.75,-53.00,UFABC,66.00,18:10:6
69,3.15,-88.60,0.00,176.75,-53.00,UFABC,67.00,18:10:7
70,3.15,-89.70,0.00,176.75,-53.00,UFABC,68.00,18:10:8
71,3.16,-89.10,0.00,176.75,-56.00,UFABC,69.00,18:10:9
72,3.15,-89.60,0.00,176.75,-54.00,UFABC,70.00,18:10:10
73,3.16,-89.10,0.00,176.75,-54.00,UFABC,71.00,18:10:11
74,3.15,-89.90,0.00,176.75,-54.00,UFABC,72.00,18:10:12
75,3.16,-89.10,0.00,176.75,-54.00,UFABC,73.00,18:10:13
76,3.15,-89.40,0.00,176.75,-54.00,UFABC,74.00,18:10:14
77,3.16,-88.70,0.00,176.75,-54.00,UFABC,75.00,18:10:15
78,3.15,-88.80,0.00,176.75,-54.00,UFABC,76.00,18:10:16
79,3.15,-88.60,0.00,176.75,-53.00,UFABC,77.00,18:10:17
80,3.15,-89.70,0.00,176.75,-53.00,UFABC,78.00,18:10:18
81,3.15,-89.20,0.00,176.75,-53.00,UFABC,79.00,18:10:19
82,3.16,-89.50,0.00,176.75,-53.00,UFABC,80.00,18:10:20
83,3.16,-89.10,0.00,176.75,-51.00,UFABC,81.00,18:10:21
84,3.15,-89.60,0.00,176.75,-51.00,UFABC,82.00,18:10:22
85,3.16,-88.60,0.00,176.75,-52.00,UFABC,83.00,18:10:23
86,3.16,-88.70,0.00,176.25,-52.00,UFABC,84.00,18:10:24
87,3.15,-89.80,0.00,176.75,-52.00,UFABC,86.00,18:10:25
88,3.16,-89.70,0.00,176.75,-52.00,UFABC,87.00,18:10:26
89,3.16,-89.20,0.00,176.75,-52.00,UFABC,88.00,18:10:27
90,3.16,-89.40,0.00,176.75,-52.00,UFABC,89.00,18:10:28
91,3.16,-89.20,0.00,176.75,-52.00,UFABC,90.00,18:10:29
92,3.15,-89.10,0.00,176.25,-52.00,UFABC,91.00,18:10:30
93,3.16,-88.80,0.00,176.25,-52.00,UFABC,92.00,18:10:32
94,3.15,-89.30,0.00,176.25,-52.00,UFABC,93.00,18:10:33
95,3.16,-88.80,0.00,176.25,-52.00,UFABC,94.00,18:10:34
96,3.16,-89.00,0.00,176.25,-52.00,UFABC,95.00,18:10:35
97,3.15,-89.50,0.00,176.25,-52.00,UFABC,96.00,18:10:36
98,3.15,-89.20,0.00,176.25,-52.00,UFABC,97.00,18:10:37
99,3.16,-89.30,0.00,176.25,-52.00,UFABC,98.00,18:10:38
100,3.15,-89.30,0.00,176.30,-52.00,UFABC,99.00,18:10:39
101,3.15,-89.60,0.00,176.25,-52.00,UFABC,100.00,18:10:40
102,3.16,-89.10,0.00,176.25,-52.00,UFABC,101.00,18:10:41
103,3.16,-89.10,0.00,176.25,-52.00,UFABC,102.00,18:10:42
104,3.16,-88.80,0.00,176.75,-52.00,UFABC,103.00,18:10:43
105,3.16,-89.00,0.00,176.75,-52.00,UFABC,104.00,18:10:44
106,3.15,-89.60,0.00,176.75,-52.00,UFABC,105.00,18:10:45
107,3.16,-89.90,0.00,176.75,-52.00,UFABC,106.00,18:10:46
108,3.15,-89.80,0.00,176.75,-52.00,UFABC,107.00,18:10:47
109,3.16,-89.20,0.00,176.25,-52.00,UFABC,108.00,18:10:48
110,3.16,-89.20,0.00,176.25,-52.00,UFABC,109.00,18:10:49
111,3.16,-89.50,0.00,176.75,-52.00,UFABC,110.00,18:10:50
112,3.16,-89.10,0.00,176.75,-52.00,UFABC,111.00,18:10:51
113,3.16,-90.10,0.00,176.75,-52.00,UFABC,112.00,18:10:52
114,3.15,-89.50,0.00,176.75,-52.00,UFABC,113.00,18:10:53
115,3.15,-89.40,0.00,176.75,-52.00,UFABC,114.00,18:10:54
116,3.16,-89.60,0.00,176.75,-52.00,UFABC,115.00,18:10:55
117,3.16,-89.80,0.00,176.75,-52.00,UFABC,116.00,18:10:56
118,3.16,-89.50,0.00,176.75,-52.00,UFABC,118.00,18:10:57
119,3.16,-89.20,0.00,176.75,-52.00,UFABC,119.00,18:10:58
120,3.15,-89.30,0.00,176.75,-52.00,UFABC,120.00,18:10:59
121,3.15,-89.40,0.00,176.75,-52.00,UFABC,121.00,18:11:1
122,3.15,-89.10,0.00,176.75,-52.00,UFABC,122.00,18:11:2
123,3.15,-89.70,0.00,176.75,-52.00,UFABC,123.00,18:11:3
124,3.15,-89.50,0.00,176.75,-52.00,UFABC,124.00,18:11:4
125,3.15,-89.60,0.00,176.75,-52.00,UFABC,125.00,18:11:5
126,3.16,-89.20,0.00,176.75,-52.00,UFABC,126.00,18:11:6
127,3.16,-89.50,0.00,176.75,-52.00,UFABC,127.00,18:11:7
128,3.16,-88.80,0.00,176.75,-52.00,UFABC,128.00,18:11:8
129,3.16,-88.90,0.00,176.75,-52.00,UFABC,129.00,18:11:9
130,3.15,-89.40,0.00,176.75,-52.00,UFABC,130.00,18:11:10
131,3.16,-89.10,0.00,176.75,-52.00,UFABC,131.00,18:11:11
132,3.16,-89.30,0.00,176.75,-52.00,UFABC,132.00,18:11:12
133,3.16,-88.80,0.00,176.75,-52.00,UFABC,133.00,18:11:13
134,3.16,-90.00,0.00,176.75,-52.00,UFABC,134.00,18:11:14
135,3.16,-89.00,0.00,176.75,-52.00,UFABC,135.00,18:11:15
136,3.16,-89.60,0.00,176.75,-52.00,UFABC,136.00,18:11:16
137,3.16,-89.90,0.00,176.75,-52.00,UFABC,137.00,18:11:17
138,3.16,-89.50,0.00,176.75,-52.00,UFABC,138.00,18:11:18
139,3.16,-89.20,0.00,176.75,-52.00,UFABC,139.00,18:11:19
140,3.16,-89.70,0.00,176.75,-52.00,UFABC,140.00,18:11:20
141,3.16,-89.20,0.00,176.25,-52.00,UFABC,141.00,18:11:21
142,3.16,-89.30,0.00,176.25,-52.00,UFABC,142.00,18:11:22
143,3.16,-89.30,0.00,176.25,-52.00,UFABC,143.00,18:11:23
144,3.16,-89.50,0.00,176.25,-52.00,UFABC,144.00,18:11:24
145,3.16,-89.10,0.00,176.25,-52.00,UFABC,145.00,18:11:25
146,3.16,-89.40,0.00,176.75,-52.00,UFABC,146.00,18:11:26
147,3.16,-89.20,0.00,176.75,-52.00,UFABC,147.00,18:11:27
148,3.16,-89.20,0.00,176.75,-52.00,UFABC,149.00,18:11:29
149,3.15,-90.50,0.00,176.75,-52.00,UFABC,150.00,18:11:30
150,3.16,-89.20,0.00,176.75,-52.00,UFABC,151.00,18:11:31
151,3.15,-88.90,0.00,176.75,-51.00,UFABC,152.00,18:11:32
152,3.16,-89.20,0.00,176.75,-51.00,UFABC,153.00,18:11:33
153,3.15,-89.80,0.00,176.75,-52.00,UFABC,154.00,18:11:34
154,3.16,-89.10,0.00,176.75,-53.00,UFABC,155.00,18:11:35
155,3.15,-90.30,0.00,176.75,-53.00,UFABC,156.00,18:11:36
156,3.16,-89.00,0.00,176.75,-53.00,UFABC,157.00,18:11:37
157,3.15,-89.70,0.00,176.75,-53.00,UFABC,158.00,18:11:38
158,3.16,-89.40,0.00,176.75,-53.00,UFABC,159.00,18:11:39
159,3.16,-89.70,0.00,176.25,-52.00,UFABC,160.00,18:11:40
160,3.16,-89.30,0.00,176.75,-52.00,UFABC,161.00,18:11:41
161,3.16,-89.70,0.00,176.25,-52.00,UFABC,162.00,18:11:42
162,3.15,-89.40,0.00,176.75,-52.00,UFABC,163.00,18:11:43
163,3.16,-89.20,0.00,176.75,-52.00,UFABC,164.00,18:11:44
164,3.16,-89.90,0.00,176.75,-53.00,UFABC,165.00,18:11:45
165,3.16,-89.70,0.00,176.75,-53.00,UFABC,166.00,18:11:46
166,3.16,-88.70,0.00,176.75,-52.00,UFABC,167.00,18:11:47
167,3.16,-89.20,0.00,176.75,-52.00,UFABC,168.00,18:11:48
168,3.16,-88.90,0.00,176.75,-52.00,UFABC,169.00,18:11:49
169,3.16,-89.50,0.00,176.75,-52.00,UFABC,170.00,18:11:50
170,3.16,-89.20,0.00,176.25,-52.00,UFABC,171.00,18:11:51
171,3.15,-89.00,0.00,176.75,-52.00,UFABC,172.00,18:11:52
172,3.16,-89.00,0.00,176.75,-52.00,UFABC,173.00,18:11:53
173,3.16,-88.80,0.00,176.25,-52.00,UFABC,174.00,18:11:54
174,3.16,-89.60,0.00,176.25,-52.00,UFABC,175.00,18:11:55
175,3.16,-89.10,0.00,176.75,-52.00,UFABC,176.00,18:11:56
176,3.15,-89.30,0.00,176.75,-52.00,UFABC,177.00,18:11:58
177,3.16,-89.20,0.00,176.25,-52.00,UFABC,178.00,18:11:59
178,3.16,-89.80,0.00,176.75,-52.00,UFABC,179.00,18:12:0
179,3.16,-89.30,0.00,176.25,-52.00,UFABC,181.00,18:12:1
180,3.15,-89.40,0.00,176.25,-52.00,UFABC,182.00,18:12:2
181,3.16,-89.20,0.00,176.75,-52.00,UFABC,183.00,18:12:3
182,3.15,-89.50,0.00,176.25,-52.00,UFABC,184.00,18:12:4
183,3.15,-89.60,0.00,176.25,-52.00,UFABC,185.00,18:12:5
184,3.15,-89.40,0.00,176.25,-52.00,UFABC,186.00,18:12:6
185,3.15,-89.50,0.00,176.25,-52.00,UFABC,187.00,18:12:7
186,3.16,-89.00,0.00,176.75,-52.00,UFABC,188.00,18:12:8
187,3.15,-89.10,0.00,176.25,-52.00,UFABC,189.00,18:12:9
188,3.16,-89.10,0.00,176.25,-52.00,UFABC,190.00,18:12:10
189,3.16,-89.10,0.00,176.25,-52.00,UFABC,191.00,18:12:11
190,3.15,-89.50,0.00,176.25,-52.00,UFABC,192.00,18:12:12
191,3.15,-88.80,0.00,176.25,-52.00,UFABC,193.00,18:12:13
192,3.16,-89.50,0.00,176.25,-52.00,UFABC,194.00,18:12:14
193,3.16,-88.90,0.00,176.75,-52.00,UFABC,195.00,18:12:15
194,3.16,-89.10,0.00,176.25,-52.00,UFABC,196.00,18:12:16
195,3.16,-89.20,0.00,176.25,-52.00,UFABC,197.00,18:12:17
196,3.16,-89.30,0.00,176.25,-52.00,UFABC,198.00,18:12:18
197,3.16,-88.60,0.00,176.75,-52.00,UFABC,199.00,18:12:19
198,3.16,-88.90,0.00,176.75,-52.00,UFABC,200.00,18:12:20
199,3.16,-88.70,0.00,176.75,-52.00,UFABC,201.00,18:12:21
200,3.16,-89.10,0.00,176.75,-52.00,UFABC,202.00,18:12:22
201,3.16,-88.70,0.00,176.75,-52.00,UFABC,203.00,18:12:23
202,3.16,-89.40,0.00,176.75,-51.00,UFABC,204.00,18:12:24
203,3.16,-89.00,0.00,176.75,-50.00,UFABC,205.00,18:12:26
204,3.16,-89.10,0.00,176.75,-51.00,UFABC,206.00,18:12:27
205,3.16,-88.80,0.00,176.75,-51.00,UFABC,207.00,18:12:28
206,3.16,-88.40,0.00,176.75,-51.00,UFABC,208.00,18:12:29
207,3.16,-88.80,0.00,176.75,-51.00,UFABC,209.00,18:12:30
208,3.16,-88.70,0.00,176.75,-51.00,UFABC,210.00,18:12:31
209,3.15,-89.40,0.00,176.25,-51.00,UFABC,211.00,18:12:32
210,3.16,-89.60,0.00,176.25,-51.00,UFABC,213.00,18:12:33
211,3.16,-88.70,0.00,176.25,-51.00,UFABC,214.00,18:12:34
212,3.16,-88.80,0.00,176.25,-51.00,UFABC,215.00,18:12:35
213,3.16,-88.40,0.00,176.25,-51.00,UFABC,216.00,18:12:36
214,3.16,-88.70,0.00,176.25,-51.00,UFABC,217.00,18:12:37
215,3.16,-88.80,0.00,176.25,-51.00,UFABC,218.00,18:12:38
216,3.15,-88.70,0.00,176.75,-51.00,UFABC,219.00,18:12:39
217,3.16,-88.30,0.00,176.25,-50.00,UFABC,220.00,18:12:40
218,3.16,-89.20,0.00,176.25,-52.00,UFABC,221.00,18:12:41
219,3.15,-89.10,0.00,176.25,-52.00,UFABC,222.00,18:12:42
220,3.16,-88.90,0.00,176.25,-52.00,UFABC,223.00,18:12:43
221,3.16,-89.20,0.00,176.25,-52.00,UFABC,224.00,18:12:44
222,3.16,-89.20,0.00,176.25,-52.00,UFABC,225.00,18:12:45
223,3.16,-89.50,0.00,176.25,-52.00,UFABC,226.00,18:12:46
224,3.16,-88.80,0.00,176.25,-52.00,UFABC,227.00,18:12:47
225,3.16,-88.80,0.00,176.25,-52.00,UFABC,228.00,18:12:48
226,3.16,-89.00,0.00,176.25,-52.00,UFABC,229.00,18:12:49
227,3.16,-89.50,0.00,176.75,-52.00,UFABC,230.00,18:12:50
228,3.16,-89.30,0.00,176.75,-52.00,UFABC,231.00,18:12:51
229,3.16,-88.80,0.00,176.75,-52.00,UFABC,232.00,18:12:52
230,3.16,-89.10,0.00,176.75,-52.00,UFABC,233.00,18:12:54
231,3.16,-88.60,0.00,176.75,-52.00,UFABC,234.00,18:12:55
232,3.16,-89.30,0.00,176.75,-52.00,UFABC,235.00,18:12:56
233,3.16,-89.00,0.00,176.75,-52.00,UFABC,236.00,18:12:57
234,3.16,-88.60,0.00,187.70,-52.00,UFABC,237.00,18:12:58
235,3.16,-88.80,0.00,188.71,-52.00,UFABC,238.00,18:12:59
236,3.16,-88.90,0.00,188.71,-52.00,UFABC,239.00,18:13:0
237,3.16,-89.10,0.00,188.71,-52.00,UFABC,240.00,18:13:1
238,3.16,-89.00,0.00,188.20,-52.00,UFABC,241.00,18:13:2
239,3.16,-88.60,0.00,177.81,-52.00,UFABC,242.00,18:13:3
240,3.16,-89.40,0.00,188.71,-52.00,UFABC,243.00,18:13:4
241,3.16,-88.70,0.00,187.70,-52.00,UFABC,245.00,18:13:5
242,3.16,-89.40,0.00,188.20,-51.00,UFABC,246.00,18:13:6
243,3.16,-88.90,0.00,189.21,-51.00,UFABC,247.00,18:13:7
244,3.16,-89.10,0.00,188.65,-54.00,UFABC,248.00,18:13:8
245,3.16,-89.10,0.00,189.16,-55.00,UFABC,249.00,18:13:9
246,3.16,-89.40,0.00,189.16,-55.00,UFABC,250.00,18:13:10
247,3.16,-88.70,0.00,189.16,-54.00,UFABC,251.00,18:13:11
248,3.16,-88.80,0.00,189.16,-54.00,UFABC,252.00,18:13:12
249,3.16,-89.50,0.00,188.65,-54.00,UFABC,253.00,18:13:13
1,3.16,-89.70,0.00,189.16,0.00,,0.00,22:26:26
2,3.16,-89.50,0.00,188.65,0.00,,0.00,22:26:27
3,3.16,-89.90,0.00,188.65,0.00,,0.00,22:26:28
4,3.15,-89.80,0.00,188.65,0.00,,0.00,22:26:29
5,3.15,-91.20,0.00,188.65,0.00,,0.00,22:26:30
6,3.15,-90.50,0.00,186.70,0.00,,0.00,22:26:31
7,3.15,-90.10,0.00,187.70,-50.00,UFABC,0.00,22:26:32
8,3.15,-90.00,0.00,185.19,-51.00,UFABC,1.00,22:26:33
9,3.15,-89.70,0.00,1375.99,-50.00,UFABC,2.00,22:26:34
10,3.16,-89.70,0.00,2785.02,-51.00,UFABC,3.00,22:26:35
11,3.16,-89.60,0.00,2781.98,-51.00,UFABC,5.00,22:26:36
12,3.15,-90.40,0.00,2779.02,-50.00,UFABC,6.00,22:26:37
13,3.15,-90.10,0.00,2775.56,-46.00,UFABC,7.00,22:26:38
14,3.16,-89.80,0.00,2773.54,-46.00,UFABC,8.00,22:26:39
15,3.15,-90.20,0.00,2772.52,-46.00,UFABC,9.00,22:26:40
16,3.16,-90.20,0.00,2771.09,-47.00,UFABC,10.00,22:26:41
17,3.16,-89.40,0.00,2768.56,-48.00,UFABC,11.00,22:26:42
18,3.16,-89.90,0.00,2772.10,-48.00,UFABC,12.00,22:26:43
19,3.15,-90.50,0.00,2775.47,-51.00,UFABC,13.00,22:26:45
20,3.16,-89.60,0.00,2775.98,-54.00,UFABC,14.00,22:26:46
21,3.15,-89.90,0.00,2774.97,-53.00,UFABC,15.00,22:26:47
22,3.15,-90.70,0.00,2773.45,-51.00,UFABC,16.00,22:26:48
23,3.16,-90.50,0.00,2772.10,-51.00,UFABC,17.00,22:26:49
24,3.16,-90.30,0.00,2126.72,-49.00,UFABC,18.00,22:26:50
25,3.16,-90.00,0.00,1134.93,-49.00,UFABC,19.00,22:26:51
26,3.15,-89.50,0.00,2757.49,-48.00,UFABC,20.00,22:26:52
27,3.15,-88.10,0.00,2770.08,-45.00,UFABC,21.00,22:26:53
28,3.16,-89.70,0.00,2770.08,-45.00,UFABC,22.00,22:26:54
29,3.16,-90.00,0.00,136.24,-47.00,UFABC,23.00,22:26:55
30,3.15,-90.10,0.00,139.35,-52.00,UFABC,24.00,22:26:56
31,3.16,-89.70,0.00,199.38,-53.00,UFABC,25.00,22:26:57
32,3.16,-89.50,0.93,140.81,-52.00,UFABC,26.00,22:26:58
33,3.16,-90.10,0.93,1349.58,-49.00,UFABC,27.00,22:26:59
34,3.16,-90.70,0.93,1866.81,-48.00,UFABC,28.00,22:27:0
35,3.15,-90.20,0.93,1562.92,-48.00,UFABC,29.00,22:27:1
36,3.16,-87.60,0.93,548.41,-49.00,UFABC,30.00,22:27:2
37,3.16,-89.60,0.93,1094.82,-49.00,UFABC,31.00,22:27:3
38,3.16,-90.20,0.00,866.70,-49.00,UFABC,32.00,22:27:4
39,3.15,-89.90,0.00,862.73,-49.00,UFABC,33.00,22:27:5
40,3.16,-89.10,0.00,1011.18,-49.00,UFABC,34.00,22:27:6
41,3.16,-90.00,0.00,1406.14,-50.00,UFABC,36.00,22:27:7
42,3.15,-89.50,0.00,679.38,-50.00,UFABC,37.00,22:27:8
43,3.16,-89.80,0.93,1656.11,-50.00,UFABC,38.00,22:27:9
44,3.15,-90.10,0.93,2506.26,-50.00,UFABC,39.00,22:27:10
45,3.16,-89.80,0.93,2471.16,-50.00,UFABC,40.00,22:27:11
46,3.15,-90.00,0.93,1681.56,-50.00,UFABC,41.00,22:27:13
47,3.15,-89.80,0.93,1249.77,-50.00,UFABC,42.00,22:27:14
48,3.15,-89.90,0.93,268.63,-50.00,UFABC,43.00,22:27:15
49,3.15,-90.10,0.93,214.40,-50.00,UFABC,44.00,22:27:16
50,3.16,-89.80,0.93,207.48,-50.00,UFABC,45.00,22:27:17
51,3.15,-90.00,0.93,160.16,-50.00,UFABC,46.00,22:27:18
52,3.16,-89.50,0.93,157.21,-48.00,UFABC,47.00,22:27:19
53,3.16,-89.80,0.93,162.21,-47.00,UFABC,48.00,22:27:20
54,3.16,-88.80,0.93,157.34,-47.00,UFABC,49.00,22:27:21
55,3.16,-89.30,0.93,159.26,-47.00,UFABC,50.00,22:27:22
56,3.16,-89.40,0.93,171.96,-47.00,UFABC,51.00,22:27:23
57,3.16,-89.80,0.93,165.03,-47.00,UFABC,52.00,22:27:24
58,3.16,-89.60,0.00,145.54,-47.00,UFABC,53.00,22:27:25
59,3.16,-89.30,0.00,2769.06,-47.00,UFABC,54.00,22:27:26
60,3.16,-89.50,0.00,2767.63,-47.00,UFABC,55.00,22:27:27
61,3.16,-90.10,0.00,2767.63,-47.00,UFABC,56.00,22:27:28
62,3.16,-90.00,0.00,2767.12,-56.00,UFABC,57.00,22:27:29
63,3.16,-89.70,0.00,2767.63,-50.00,UFABC,58.00,22:27:30
64,3.16,-90.00,0.00,2767.63,-50.00,UFABC,59.00,22:27:31
65,3.16,-89.70,0.00,2767.12,-50.00,UFABC,60.00,22:27:32
66,3.16,-90.00,0.00,2767.12,-49.00,UFABC,61.00,22:27:33
67,3.16,-89.40,0.00,2767.12,-49.00,UFABC,62.00,22:27:34
68,3.16,-89.30,0.00,2767.12,-49.00,UFABC,63.00,22:27:35
69,3.16,-89.80,0.00,2767.12,-49.00,UFABC,64.00,22:27:36
70,3.16,-89.50,0.00,2767.12,-50.00,UFABC,65.00,22:27:37
71,3.16,-89.90,0.00,2766.62,-50.00,UFABC,67.00,22:27:38
72,3.16,-89.00,0.00,2766.62,-50.00,UFABC,68.00,22:27:39
73,3.15,-89.60,0.00,2766.62,-51.00,UFABC,69.00,22:27:41
74,3.15,-89.90,0.00,2766.11,-53.00,UFABC,70.00,22:27:42
75,3.15,-89.80,0.00,2767.63,-52.00,UFABC,71.00,22:27:43
76,3.15,-90.30,0.00,2767.63,-52.00,UFABC,72.00,22:27:44
77,3.15,-90.00,0.00,2767.12,-56.00,UFABC,73.00,22:27:45
78,3.16,-86.80,0.00,2767.12,-55.00,UFABC,74.00,22:27:46
79,3.15,-90.00,0.00,2766.62,-54.00,UFABC,75.00,22:27:47
80,3.15,-89.60,0.00,2766.62,-54.00,UFABC,76.00,22:27:48
81,3.15,-89.60,0.00,2766.62,-54.00,UFABC,77.00,22:27:49
82,3.15,-89.80,0.00,2766.62,-54.00,UFABC,78.00,22:27:50
83,3.16,-88.90,0.00,2766.62,-54.00,UFABC,79.00,22:27:51
84,3.16,-89.60,0.00,2767.12,-54.00,UFABC,80.00,22:27:52
85,3.16,-89.80,0.00,2767.63,-54.00,UFABC,81.00,22:27:53
86,3.16,-89.60,0.00,2767.12,-54.00,UFABC,82.00,22:27:54
87,3.16,-90.30,0.00,2767.12,-54.00,UFABC,83.00,22:27:55
88,3.15,-89.20,0.00,2767.12,-54.00,UFABC,84.00,22:27:56
89,3.16,-88.10,0.00,2766.62,-54.00,UFABC,85.00,22:27:57
90,3.15,-90.00,0.00,2766.62,-54.00,UFABC,86.00,22:27:58
91,3.16,-89.60,0.00,2766.62,-54.00,UFABC,87.00,22:27:59
92,3.15,-90.10,0.00,2766.62,-53.00,UFABC,88.00,22:28:0
93,3.16,-90.00,0.00,2766.62,-53.00,UFABC,89.00,22:28:1
94,3.16,-89.40,0.00,2766.62,-53.00,UFABC,90.00,22:28:2
95,3.16,-90.30,0.00,2766.62,-53.00,UFABC,91.00,22:28:3
96,3.16,-89.70,0.00,2766.11,-53.00,UFABC,92.00,22:28:4
97,3.15,-90.20,0.00,2766.11,-53.00,UFABC,93.00,22:28:5
98,3.16,-89.30,0.00,2766.11,-53.00,UFABC,94.00,22:28:6
99,3.16,-89.50,0.00,2766.11,-53.00,UFABC,95.00,22:28:8
100,3.15,-89.90,0.00,2766.11,-53.00,UFABC,97.00,22:28:9
101,3.15,-89.80,0.00,2765.60,-53.00,UFABC,98.00,22:28:10
102,3.16,-89.50,0.00,2765.60,-53.00,UFABC,99.00,22:28:11
103,3.15,-89.60,0.00,2766.11,-53.00,UFABC,100.00,22:28:12
104,3.16,-89.70,0.00,2765.60,-53.00,UFABC,101.00,22:28:13
105,3.16,-89.70,0.00,2765.10,-53.00,UFABC,102.00,22:28:14
106,3.15,-90.20,0.00,2765.60,-53.00,UFABC,103.00,22:28:15
107,3.15,-89.50,0.00,2765.10,-53.00,UFABC,104.00,22:28:16
108,3.15,-89.40,0.00,2765.10,-53.00,UFABC,105.00,22:28:17
109,3.15,-90.00,0.00,2765.10,-53.00,UFABC,106.00,22:28:18
110,3.16,-89.20,0.00,2765.10,-53.00,UFABC,107.00,22:28:19
111,3.15,-89.60,0.00,2765.10,-53.00,UFABC,108.00,22:28:20
112,3.16,-89.50,0.00,2764.59,-51.00,UFABC,109.00,22:28:21
113,3.16,-90.40,0.00,2764.59,-51.00,UFABC,110.00,22:28:22
114,3.16,-90.10,0.00,2764.59,-51.00,UFABC,111.00,22:28:23
115,3.15,-89.70,0.00,2764.59,-51.00,UFABC,112.00,22:28:24
116,3.16,-90.00,0.00,2764.59,-51.00,UFABC,113.00,22:28:25
117,3.16,-90.10,0.00,2764.08,-51.00,UFABC,114.00,22:28:26
118,3.16,-89.90,0.00,2763.58,-51.00,UFABC,115.00,22:28:27
119,3.15,-90.90,0.00,2763.58,-51.00,UFABC,116.00,22:28:28
120,3.16,-89.60,0.00,2763.58,-51.00,UFABC,117.00,22:28:29
121,3.16,-89.50,0.00,2763.58,-51.00,UFABC,118.00,22:28:30
122,3.15,-90.00,0.00,2763.58,-51.00,UFABC,119.00,22:28:31
123,3.16,-89.70,0.00,2763.07,-51.00,UFABC,120.00,22:28:32
124,3.15,-90.40,0.00,2762.56,-51.00,UFABC,121.00,22:28:33
125,3.16,-90.10,0.00,2762.56,-51.00,UFABC,122.00,22:28:34
126,3.16,-89.70,0.00,2763.07,-51.00,UFABC,123.00,22:28:36
127,3.16,-89.20,0.00,2763.07,-50.00,UFABC,124.00,22:28:37
128,3.15,-89.70,0.00,2762.56,-51.00,UFABC,125.00,22:28:38
129,3.16,-89.50,0.00,2762.56,-51.00,UFABC,126.00,22:28:39
130,3.15,-89.90,0.00,2762.65,-52.00,UFABC,127.00,22:28:40
131,3.16,-89.10,0.00,2762.56,-51.00,UFABC,129.00,22:28:41
132,3.16,-89.50,0.00,2762.05,-50.00,UFABC,130.00,22:28:42
133,3.16,-89.60,0.00,2762.65,-51.00,UFABC,131.00,22:28:43
134,3.16,-90.20,0.00,2762.65,-52.00,UFABC,132.00,22:28:44
135,3.16,-89.60,0.00,2762.65,-53.00,UFABC,133.00,22:28:45
136,3.16,-89.30,0.00,2762.65,-52.00,UFABC,134.00,22:28:46
137,3.15,-90.40,0.00,2762.65,-52.00,UFABC,135.00,22:28:47
138,3.16,-89.60,0.00,2762.65,-52.00,UFABC,136.00,22:28:48
139,3.16,-90.50,0.00,2762.65,-52.00,UFABC,137.00,22:28:49
140,3.16,-87.20,0.00,2762.14,-52.00,UFABC,138.00,22:28:50
141,3.15,-90.00,0.00,2762.65,-52.00,UFABC,139.00,22:28:51
142,3.16,-89.70,0.00,2762.14,-52.00,UFABC,140.00,22:28:52
143,3.16,-89.80,0.00,2762.14,-52.00,UFABC,141.00,22:28:53
144,3.15,-89.80,0.00,2762.14,-52.00,UFABC,142.00,22:28:54
145,3.16,-86.60,0.00,2762.14,-52.00,UFABC,143.00,22:28:55
146,3.16,-88.90,0.00,2762.14,-52.00,UFABC,144.00,22:28:56
147,3.16,-88.70,0.00,2762.14,-52.00,UFABC,145.00,22:28:57
148,3.15,-89.90,0.00,2761.64,-52.00,UFABC,146.00,22:28:58
149,3.16,-89.00,0.00,2762.14,-52.00,UFABC,147.00,22:28:59
150,3.16,-89.00,0.00,2761.64,-52.00,UFABC,148.00,22:29:0
151,3.16,-89.90,0.00,2761.64,-52.00,UFABC,149.00,22:29:1
152,3.16,-89.60,0.00,2761.64,-52.00,UFABC,150.00,22:29:3
153,3.16,-89.60,0.00,2761.13,-52.00,UFABC,151.00,22:29:4
154,3.16,-89.30,0.00,2760.62,-52.00,UFABC,152.00,22:29:5
155,3.16,-89.20,0.00,2761.13,-52.00,UFABC,153.00,22:29:6
156,3.16,-89.20,0.00,2760.62,-52.00,UFABC,154.00,22:29:7
157,3.16,-89.80,0.00,2760.62,-52.00,UFABC,155.00,22:29:8
158,3.16,-89.40,0.00,2760.62,-52.00,UFABC,156.00,22:29:9
159,3.16,-89.80,0.00,2760.12,-52.00,UFABC,158.00,22:29:10
160,3.16,-89.50,0.00,2760.12,-52.00,UFABC,159.00,22:29:11
161,3.16,-89.60,0.00,2760.12,-51.00,UFABC,160.00,22:29:12
162,3.15,-88.20,0.00,2760.12,-51.00,UFABC,161.00,22:29:13
163,3.15,-90.10,0.00,2758.59,-51.00,UFABC,162.00,22:29:14
164,3.15,-89.50,0.00,2759.19,-50.00,UFABC,163.00,22:29:15
165,3.16,-88.40,0.00,2759.19,-50.00,UFABC,164.00,22:29:16
166,3.15,-89.80,0.00,2758.68,-50.00,UFABC,165.00,22:29:17
167,3.16,-89.00,0.00,2758.68,-50.00,UFABC,166.00,22:29:18
168,3.16,-90.00,0.00,2758.68,-50.00,UFABC,167.00,22:29:19
169,3.16,-87.30,0.00,2758.68,-51.00,UFABC,168.00,22:29:20
170,3.16,-89.60,0.00,2758.18,-51.00,UFABC,169.00,22:29:21
171,3.16,-88.70,0.00,2756.15,-50.00,UFABC,170.00,22:29:22
172,3.16,-89.50,0.00,2756.66,-47.00,UFABC,171.00,22:29:23
173,3.15,-89.70,0.00,2757.16,-49.00,UFABC,172.00,22:29:24
174,3.16,-89.20,0.00,2755.64,-51.00,UFABC,173.00,22:29:25
175,3.15,-89.80,0.00,2756.15,-50.00,UFABC,174.00,22:29:26
176,3.15,-88.80,0.00,2756.66,-50.00,UFABC,175.00,22:29:27
177,3.16,-89.10,0.00,2755.64,-50.00,UFABC,176.00,22:29:28
178,3.16,-89.40,0.00,2755.64,-50.00,UFABC,177.00,22:29:29
179,3.16,-90.30,0.00,2752.69,-50.00,UFABC,178.00,22:29:31
180,3.16,-89.70,0.00,2755.14,-50.00,UFABC,179.00,22:29:32
181,3.15,-90.20,0.00,2755.14,-50.00,UFABC,180.00,22:29:33
182,3.16,-90.00,0.00,2755.64,-50.00,UFABC,181.00,22:29:34
183,3.16,-90.20,0.00,2755.14,-50.00,UFABC,182.00,22:29:35
184,3.16,-89.40,0.00,2750.24,-50.00,UFABC,183.00,22:29:36
185,3.16,-89.80,0.00,2755.22,-50.00,UFABC,184.00,22:29:37
186,3.16,-90.10,0.00,2754.63,-50.00,UFABC,185.00,22:29:38
187,3.16,-88.90,0.00,2754.63,-50.00,UFABC,186.00,22:29:39
188,3.16,-89.90,0.00,2755.14,-50.00,UFABC,187.00,22:29:40
189,3.16,-89.20,0.00,2743.74,-50.00,UFABC,189.00,22:29:41
190,3.15,-89.80,0.00,2756.66,-49.00,UFABC,190.00,22:29:42
191,3.15,-89.50,0.00,2753.70,-46.00,UFABC,191.00,22:29:43
192,3.15,-90.10,0.00,2754.21,-47.00,UFABC,192.00,22:29:44
193,3.15,-89.70,0.00,2754.72,-50.00,UFABC,193.00,22:29:45
194,3.15,-89.80,0.00,2754.72,-51.00,UFABC,194.00,22:29:46
195,3.16,-89.40,0.00,2754.63,-50.00,UFABC,195.00,22:29:47
196,3.15,-89.80,0.00,189.16,-51.00,UFABC,196.00,22:29:48
197,3.16,-89.60,0.00,188.65,-51.00,UFABC,197.00,22:29:49
198,3.15,-90.20,0.00,188.65,-51.00,UFABC,198.00,22:29:50
199,3.15,-89.00,0.00,188.65,-51.00,UFABC,199.00,22:29:51
200,3.15,-89.90,0.00,188.65,-50.00,UFABC,200.00,22:29:52
201,3.16,-89.90,0.00,188.65,-50.00,UFABC,201.00,22:29:53
202,3.16,-89.90,0.00,188.65,-51.00,UFABC,202.00,22:29:54
203,3.16,-89.60,0.00,188.65,-51.00,UFABC,203.00,22:29:55
204,3.16,-90.10,0.00,188.15,-50.00,UFABC,204.00,22:29:56
205,3.15,-89.30,0.00,188.65,-50.00,UFABC,205.00,22:29:57
206,3.16,-89.20,0.00,188.15,-50.00,UFABC,206.00,22:29:59
207,3.15,-91.10,0.00,188.65,-50.00,UFABC,207.00,22:30:0
208,3.16,-89.60,0.00,188.15,-50.00,UFABC,208.00,22:30:1
209,3.16,-89.00,0.00,188.65,-50.00,UFABC,209.00,22:30:2
210,3.16,-89.60,0.00,188.65,-51.00,UFABC,210.00,22:30:3
211,3.15,-89.80,0.00,188.65,-51.00,UFABC,211.00,22:30:4
212,3.16,-89.30,0.00,188.65,-51.00,UFABC,212.00,22:30:5
213,3.15,-90.00,0.00,188.65,-51.00,UFABC,213.00,22:30:6
214,3.16,-89.70,0.00,188.65,-51.00,UFABC,214.00,22:30:7
215,3.15,-90.50,0.00,188.65,-50.00,UFABC,215.00,22:30:8
216,3.16,-88.30,0.00,188.65,-51.00,UFABC,216.00,22:30:9
217,3.16,-89.70,0.00,188.65,-51.00,UFABC,217.00,22:30:10
218,3.16,-89.50,0.00,188.65,-51.00,UFABC,218.00,22:30:11
219,3.16,-89.50,0.00,188.65,-51.00,UFABC,219.00,22:30:12
220,3.16,-89.70,0.00,189.16,-50.00,UFABC,221.00,22:30:13
221,3.15,-90.20,0.00,189.16,-50.00,UFABC,222.00,22:30:14
222,3.16,-88.80,0.00,189.16,-50.00,UFABC,223.00,22:30:15
223,3.16,-89.60,0.00,188.65,-51.00,UFABC,224.00,22:30:16
224,3.15,-89.80,0.00,188.65,-51.00,UFABC,225.00,22:30:17
225,3.16,-89.30,0.00,188.65,-51.00,UFABC,226.00,22:30:18
226,3.15,-90.00,0.00,188.65,-51.00,UFABC,227.00,22:30:19
227,3.15,-89.50,0.00,188.15,-51.00,UFABC,228.00,22:30:20
228,3.15,-90.10,0.00,188.65,-51.00,UFABC,229.00,22:30:21
229,3.15,-89.80,0.00,188.65,-51.00,UFABC,230.00,22:30:22
230,3.15,-89.90,0.00,188.65,-51.00,UFABC,231.00,22:30:23
231,3.16,-86.90,0.00,188.65,-51.00,UFABC,232.00,22:30:24
232,3.15,-90.20,0.00,188.65,-51.00,UFABC,233.00,22:30:25
233,3.16,-89.80,0.00,188.65,-51.00,UFABC,234.00,22:30:27
234,3.16,-90.50,0.00,189.16,-51.00,UFABC,235.00,22:30:28
235,3.16,-89.20,0.00,189.16,-51.00,UFABC,236.00,22:30:29
236,3.15,-90.20,0.00,188.65,-51.00,UFABC,237.00,22:30:30
237,3.16,-89.40,0.00,189.16,-51.00,UFABC,238.00,22:30:31
238,3.16,-89.70,0.00,189.16,-51.00,UFABC,239.00,22:30:32
239,3.16,-89.60,0.00,188.65,-50.00,UFABC,240.00,22:30:33
240,3.16,-89.50,0.00,188.65,-50.00,UFABC,241.00,22:30:34
241,3.15,-89.80,0.00,189.16,-50.00,UFABC,242.00,22:30:35
242,3.15,-89.60,0.00,188.71,-50.00,UFABC,243.00,22:30:36
243,3.16,-90.50,0.00,188.15,-50.00,UFABC,244.00,22:30:37
244,3.15,-89.30,0.00,188.65,-50.00,UFABC,245.00,22:30:38
245,3.16,-90.00,0.00,188.65,-49.00,UFABC,246.00,22:30:39
246,3.15,-90.40,0.00,188.65,-49.00,UFABC,247.00,22:30:40
247,3.15,-89.90,0.00,189.16,-49.00,UFABC,248.00,22:30:41
248,3.15,-89.90,0.00,189.16,-49.00,UFABC,249.00,22:30:42
249,3.15,-90.20,0.00,189.16,-49.00,UFABC,250.00,22:30:43
250,3.16,-89.40,0.00,188.65,-49.00,UFABC,252.00,22:30:44
251,3.16,-89.50,0.00,189.16,-49.00,UFABC,253.00,22:30:45
252,3.15,-90.70,0.00,189.16,-49.00,UFABC,254.00,22:30:46
253,3.16,-89.50,0.00,189.16,-49.00,UFABC,255.00,22:30:47
254,3.15,-90.30,0.00,189.16,-49.00,UFABC,256.00,22:30:48
255,3.16,-89.80,0.00,188.15,-49.00,UFABC,257.00,22:30:49
256,3.15,-90.00,0.00,188.15,-49.00,UFABC,258.00,22:30:50
257,3.15,-89.80,0.00,188.15,-49.00,UFABC,259.00,22:30:51
258,3.16,-89.70,0.00,188.15,-49.00,UFABC,260.00,22:30:52
259,3.16,-89.50,0.00,188.15,-49.00,UFABC,261.00,22:30:53
260,3.15,-90.10,0.00,188.15,-49.00,UFABC,262.00,22:30:55
261,3.16,-90.10,0.00,188.15,-49.00,UFABC,263.00,22:30:56
262,3.16,-90.20,0.00,188.15,-49.00,UFABC,264.00,22:30:57
263,3.16,-89.10,0.00,188.15,-49.00,UFABC,265.00,22:30:58
264,3.16,-90.20,0.00,188.15,-51.00,UFABC,266.00,22:30:59
265,3.15,-88.50,0.00,188.20,-50.00,UFABC,267.00,22:31:0
266,3.16,-90.20,0.00,188.71,-50.00,UFABC,268.00,22:31:1
267,3.16,-89.50,0.00,188.15,-51.00,UFABC,269.00,22:31:2
268,3.15,-87.70,0.00,188.15,-49.00,UFABC,270.00,22:31:3
269,3.15,-89.60,0.00,188.15,-49.00,UFABC,271.00,22:31:4
270,3.15,-89.70,0.00,188.15,-49.00,UFABC,272.00,22:31:5
271,3.16,-89.10,0.00,188.20,-52.00,UFABC,273.00,22:31:6
272,3.16,-86.70,0.00,188.20,-50.00,UFABC,274.00,22:31:7
273,3.15,-89.30,0.00,187.65,-50.00,UFABC,275.00,22:31:8
274,3.16,-89.90,0.00,188.20,-50.00,UFABC,276.00,22:31:9
275,3.16,-89.70,0.00,188.20,-50.00,UFABC,277.00,22:31:10
276,3.15,-89.30,0.00,188.15,-50.00,UFABC,278.00,22:31:11
277,3.15,-89.80,0.00,187.65,-50.00,UFABC,279.00,22:31:12
278,3.15,-89.60,0.00,188.20,-51.00,UFABC,280.00,22:31:13
279,3.15,-90.10,0.00,188.15,-51.00,UFABC,281.00,22:31:14
280,3.16,-89.50,0.00,188.15,-51.00,UFABC,282.00,22:31:15
281,3.16,-89.10,0.00,187.65,-50.00,UFABC,283.00,22:31:16
282,3.16,-88.50,0.00,188.15,-50.00,UFABC,285.00,22:31:17
283,3.16,-89.20,0.00,188.15,-50.00,UFABC,286.00,22:31:18
284,3.15,-90.20,0.00,187.70,-50.00,UFABC,287.00,22:31:19
285,3.16,-89.50,0.00,187.70,-50.00,UFABC,288.00,22:31:20
286,3.15,-89.70,0.00,188.15,-50.00,UFABC,289.00,22:31:21
287,3.15,-89.30,0.00,188.20,-50.00,UFABC,290.00,22:31:23
288,3.15,-90.60,0.00,188.20,-50.00,UFABC,291.00,22:31:24
289,3.16,-89.80,0.00,188.15,-50.00,UFABC,292.00,22:31:25
290,3.15,-90.60,0.00,187.65,-50.00,UFABC,293.00,22:31:26
291,3.16,-90.90,0.00,187.70,-50.00,UFABC,294.00,22:31:27
292,3.15,-90.70,0.00,187.65,-50.00,UFABC,295.00,22:31:28
293,3.15,-91.00,0.00,188.15,-50.00,UFABC,296.00,22:31:29
294,3.15,-90.30,0.00,187.65,-50.00,UFABC,297.00,22:31:30
295,3.16,-90.20,0.00,187.70,-50.00,UFABC,298.00,22:31:31
296,3.15,-89.30,0.00,188.15,-50.00,UFABC,299.00,22:31:32
297,3.15,-90.80,0.00,188.15,-50.00,UFABC,300.00,22:31:33
298,3.15,-90.00,0.00,188.20,-50.00,UFABC,301.00,22:31:34
299,3.16,-89.70,0.00,188.20,-50.00,UFABC,302.00,22:31:35
300,3.16,-89.60,0.00,188.15,-50.00,UFABC,303.00,22:31:36
301,3.15,-90.00,0.00,187.65,-50.00,UFABC,304.00,22:31:37
302,3.15,-89.60,0.00,187.65,-51.00,UFABC,305.00,22:31:38
303,3.15,-89.60,0.00,188.15,-51.00,UFABC,306.00,22:31:39
304,3.15,-89.70,0.00,188.15,-51.00,UFABC,307.00,22:31:40
305,3.15,-89.90,0.00,187.65,-51.00,UFABC,308.00,22:31:41
306,3.15,-90.00,0.00,188.15,-50.00,UFABC,309.00,22:31:42
307,3.15,-89.40,0.00,188.20,-50.00,UFABC,310.00,22:31:43
308,3.15,-89.50,0.00,187.65,-51.00,UFABC,311.00,22:31:44
309,3.15,-90.90,0.00,187.65,-51.00,UFABC,312.00,22:31:45
310,3.16,-89.70,0.00,188.15,-51.00,UFABC,313.00,22:31:46
311,3.15,-89.90,0.00,188.15,-51.00,UFABC,315.00,22:31:47
312,3.15,-90.00,0.00,188.15,-51.00,UFABC,316.00,22:31:48
313,3.15,-89.90,0.00,187.65,-50.00,UFABC,317.00,22:31:49
314,3.15,-89.50,0.00,188.15,-50.00,UFABC,318.00,22:31:51
315,3.15,-89.50,0.00,187.65,-50.00,UFABC,319.00,22:31:52
316,3.15,-86.40,0.00,188.15,-51.00,UFABC,320.00,22:31:53
317,3.15,-89.40,0.00,188.15,-51.00,UFABC,321.00,22:31:54
318,3.16,-89.70,0.00,187.65,-51.00,UFABC,322.00,22:31:55
319,3.15,-89.80,0.00,187.65,-51.00,UFABC,323.00,22:31:56
320,3.15,-89.20,0.00,187.65,-51.00,UFABC,324.00,22:31:57
321,3.15,-89.70,0.00,183.73,-51.00,UFABC,325.00,22:31:58
322,3.15,-89.60,0.00,187.65,-50.00,UFABC,326.00,22:31:59
323,3.15,-90.10,0.00,187.70,-50.00,UFABC,327.00,22:32:0
324,3.15,-88.90,0.00,187.65,-50.00,UFABC,328.00,22:32:1
325,3.16,-90.30,0.00,187.15,-50.00,UFABC,329.00,22:32:2
326,3.15,-89.90,0.00,187.15,-50.00,UFABC,330.00,22:32:3
327,3.15,-90.10,0.00,187.70,-50.00,UFABC,331.00,22:32:4
328,3.15,-89.30,0.00,187.20,-50.00,UFABC,332.00,22:32:5
329,3.15,-89.70,0.00,186.70,-50.00,UFABC,333.00,22:32:6
330,3.15,-89.50,0.00,187.20,-50.00,UFABC,334.00,22:32:7
331,3.15,-89.60,0.00,187.20,-50.00,UFABC,335.00,22:32:8
332,3.15,-89.50,0.00,180.77,-50.00,UFABC,336.00,22:32:9
333,3.16,-86.10,0.00,158.43,-50.00,UFABC,337.00,22:32:10
334,3.15,-89.70,0.00,167.41,-54.00,UFABC,338.00,22:32:11
335,3.15,-89.60,0.00,726.47,-54.00,UFABC,339.00,22:32:12
336,3.15,-90.10,0.00,2745.86,-53.00,UFABC,340.00,22:32:13
337,3.15,-89.50,0.00,2760.71,-51.00,UFABC,341.00,22:32:14
338,3.15,-89.70,0.00,2746.87,-50.00,UFABC,342.00,22:32:15
339,3.15,-90.70,0.00,760.64,-51.00,UFABC,343.00,22:32:16
340,3.15,-89.50,0.00,165.40,-51.00,UFABC,344.00,22:32:17
341,3.15,-89.40,0.00,1859.25,-51.00,UFABC,345.00,22:32:19
342,3.15,-89.30,0.00,2749.83,-51.00,UFABC,347.00,22:32:20
343,3.15,-89.90,0.00,2748.81,-51.00,UFABC,348.00,22:32:21
344,3.14,-89.80,0.00,163.94,-51.00,UFABC,349.00,22:32:22
345,3.15,-90.10,0.00,125.68,-51.00,UFABC,350.00,22:32:23
346,3.15,-89.20,0.00,127.19,-51.00,UFABC,351.00,22:32:24
347,3.15,-89.60,0.00,121.21,-50.00,UFABC,352.00,22:32:25
348,3.15,-90.00,0.00,134.16,-50.00,UFABC,353.00,22:32:26
349,3.14,-90.20,0.00,175.85,-50.00,UFABC,354.00,22:32:27
350,3.15,-89.50,0.00,175.39,-50.00,UFABC,355.00,22:32:28
351,3.15,-89.50,0.00,175.39,-50.00,UFABC,356.00,22:32:29
352,3.15,-89.60,0.00,165.95,-51.00,UFABC,357.00,22:32:30
353,3.15,-90.00,0.00,168.41,-50.00,UFABC,358.00,22:32:31
354,3.15,-89.40,0.00,165.45,-50.00,UFABC,359.00,22:32:32
355,3.16,-90.10,0.00,170.88,-50.00,UFABC,360.00,22:32:33
356,3.15,-89.70,0.00,174.84,-50.00,UFABC,361.00,22:32:34
357,3.15,-89.90,0.00,183.73,-51.00,UFABC,362.00,22:32:35
358,3.15,-90.00,0.00,184.24,-54.00,UFABC,363.00,22:32:36
359,3.15,-89.40,0.00,184.24,-53.00,UFABC,364.00,22:32:37
360,3.15,-89.90,0.00,184.24,-52.00,UFABC,365.00,22:32:38
361,3.15,-90.20,0.00,184.24,-52.00,UFABC,366.00,22:32:39
362,3.15,-89.20,0.00,184.24,-52.00,UFABC,367.00,22:32:40
363,3.15,-90.00,0.00,184.24,-51.00,UFABC,368.00,22:32:41
364,3.15,-90.00,0.00,184.24,-51.00,UFABC,369.00,22:32:42
365,3.15,-89.60,0.00,184.24,-51.00,UFABC,370.00,22:32:43
366,3.15,-89.50,0.00,184.24,-51.00,UFABC,371.00,22:32:44
367,3.15,-89.80,0.00,183.73,-51.00,UFABC,372.00,22:32:45
368,3.15,-89.60,0.00,184.24,-51.00,UFABC,373.00,22:32:47
369,3.15,-89.90,0.00,184.24,-51.00,UFABC,374.00,22:32:48
370,3.15,-89.80,0.00,183.73,-51.00,UFABC,375.00,22:32:49
371,3.15,-90.10,0.00,183.73,-52.00,UFABC,376.00,22:32:50
372,3.15,-89.60,0.00,184.74,-52.00,UFABC,378.00,22:32:51
373,3.15,-89.40,0.00,184.74,-52.00,UFABC,379.00,22:32:52
374,3.15,-89.80,0.00,184.74,-52.00,UFABC,380.00,22:32:53
375,3.15,-87.20,0.00,184.24,-52.00,UFABC,381.00,22:32:54
376,3.15,-89.80,0.00,182.73,-52.00,UFABC,382.00,22:32:55
377,3.14,-90.00,0.00,182.73,-52.00,UFABC,383.00,22:32:56
378,3.14,-90.00,0.00,182.73,-52.00,UFABC,384.00,22:32:57
379,3.15,-89.80,0.00,183.23,-51.00,UFABC,385.00,22:32:58
380,3.15,-89.90,0.00,182.73,-50.00,UFABC,386.00,22:32:59
381,3.15,-90.10,0.00,182.73,-50.00,UFABC,387.00,22:33:0
382,3.15,-89.40,0.00,182.73,-50.00,UFABC,388.00,22:33:1
383,3.15,-89.80,0.00,182.73,-50.00,UFABC,389.00,22:33:2
384,3.15,-89.90,0.00,182.73,-50.00,UFABC,390.00,22:33:3
385,3.15,-89.70,0.00,182.78,-51.00,UFABC,391.00,22:33:4
386,3.15,-89.70,0.00,181.78,-51.00,UFABC,392.00,22:33:5
387,3.15,-89.70,0.00,180.27,-51.00,UFABC,393.00,22:33:6
388,3.15,-90.40,0.00,179.77,-51.00,UFABC,394.00,22:33:7
389,3.15,-90.00,0.00,180.27,-51.00,UFABC,395.00,22:33:8
390,3.15,-89.70,0.00,182.28,-51.00,UFABC,396.00,22:33:9
391,3.15,-89.50,0.00,183.23,-52.00,UFABC,397.00,22:33:10
392,3.15,-90.00,0.00,182.73,-52.00,UFABC,398.00,22:33:11
393,3.15,-89.80,0.00,182.28,-52.00,UFABC,399.00,22:33:12
394,3.15,-89.30,0.00,182.28,-52.00,UFABC,400.00,22:33:13
395,3.16,-90.20,0.00,182.28,-52.00,UFABC,401.00,22:33:14
396,3.16,-89.50,0.00,182.28,-52.00,UFABC,402.00,22:33:16
397,3.15,-90.10,0.00,183.23,-52.00,UFABC,403.00,22:33:17
398,3.15,-89.40,0.00,183.23,-52.00,UFABC,404.00,22:33:18
399,3.15,-90.00,0.00,183.73,-53.00,UFABC,405.00,22:33:19
400,3.15,-90.00,0.00,183.73,-53.00,UFABC,406.00,22:33:20
401,3.15,-89.20,0.00,183.23,-52.00,UFABC,407.00,22:33:21
402,3.15,-89.00,0.00,182.28,-52.00,UFABC,408.00,22:33:22
403,3.15,-90.30,0.00,183.73,-51.00,UFABC,410.00,22:33:23
404,3.15,-89.50,0.00,183.73,-52.00,UFABC,411.00,22:33:24
405,3.15,-89.70,0.00,183.23,-53.00,UFABC,412.00,22:33:25
406,3.15,-89.40,0.00,183.23,-53.00,UFABC,413.00,22:33:26
407,3.15,-89.70,0.00,183.73,-53.00,UFABC,414.00,22:33:27
408,3.14,-89.00,0.00,183.23,-53.00,UFABC,415.00,22:33:28
409,3.15,-89.30,0.00,183.23,-53.00,UFABC,416.00,22:33:29
410,3.15,-89.70,0.00,183.23,-53.00,UFABC,417.00,22:33:30
411,3.14,-90.30,0.00,183.23,-52.00,UFABC,418.00,22:33:31
412,3.15,-89.20,0.00,183.73,-50.00,UFABC,419.00,22:33:32
413,3.15,-89.80,0.00,183.23,-50.00,UFABC,420.00,22:33:33
414,3.15,-89.70,0.00,180.77,-51.00,UFABC,421.00,22:33:34
415,3.15,-90.00,0.00,181.27,-53.00,UFABC,422.00,22:33:35
416,3.15,-89.10,0.00,178.31,-52.00,UFABC,423.00,22:33:36
417,3.16,-89.40,0.00,181.78,-51.00,UFABC,424.00,22:33:37
418,3.15,-90.10,0.00,178.81,-51.00,UFABC,425.00,22:33:38
419,3.15,-89.50,0.00,173.84,-51.00,UFABC,426.00,22:33:39
420,3.15,-90.10,0.00,179.31,-51.00,UFABC,427.00,22:33:40
421,3.15,-90.10,0.00,177.31,-51.00,UFABC,428.00,22:33:41
422,3.15,-89.50,0.00,179.31,-52.00,UFABC,429.00,22:33:42
423,3.15,-89.50,0.00,179.81,-53.00,UFABC,430.00,22:33:44
424,3.15,-89.00,0.00,180.32,-53.00,UFABC,431.00,22:33:45
425,3.15,-90.30,0.00,180.32,-52.00,UFABC,432.00,22:33:46
426,3.15,-89.60,0.00,179.81,-51.00,UFABC,433.00,22:33:47
427,3.15,-89.20,0.00,181.78,-51.00,UFABC,434.00,22:33:48
428,3.15,-89.30,0.00,180.77,-51.00,UFABC,435.00,22:33:49
429,3.15,-89.70,0.00,180.77,-51.00,UFABC,436.00,22:33:50
430,3.15,-89.70,0.00,179.81,-51.00,UFABC,437.00,22:33:51
431,3.15,-89.80,0.00,179.31,-51.00,UFABC,438.00,22:33:52
432,3.14,-90.40,0.00,178.81,-51.00,UFABC,439.00,22:33:53
433,3.15,-89.30,0.00,178.81,-52.00,UFABC,441.00,22:33:54
434,3.15,-89.60,0.00,180.82,-54.00,UFABC,442.00,22:33:55
435,3.15,-89.60,0.00,180.32,-54.00,UFABC,443.00,22:33:56
436,3.15,-89.80,0.00,180.32,-54.00,UFABC,444.00,22:33:57
437,3.15,-90.00,0.00,180.82,-54.00,UFABC,445.00,22:33:58
438,3.15,-89.30,0.00,181.78,-52.00,UFABC,446.00,22:33:59
439,3.15,-89.60,0.00,181.27,-52.00,UFABC,447.00,22:34:0
440,3.15,-89.70,0.00,179.31,-52.00,UFABC,448.00,22:34:1
441,3.15,-90.10,0.00,180.77,-52.00,UFABC,449.00,22:34:2
442,3.15,-89.50,0.00,182.28,-52.00,UFABC,450.00,22:34:3
443,3.15,-89.20,0.00,182.78,-52.00,UFABC,451.00,22:34:4
444,3.15,-89.70,0.00,182.28,-52.00,UFABC,452.00,22:34:5
445,3.15,-90.00,0.00,182.78,-52.00,UFABC,453.00,22:34:6
446,3.15,-90.30,0.00,183.73,-52.00,UFABC,454.00,22:34:7
447,3.15,-89.80,0.00,177.81,-53.00,UFABC,455.00,22:34:8
448,3.15,-89.60,0.00,180.82,-52.00,UFABC,456.00,22:34:10
449,3.15,-89.90,0.00,183.73,-52.00,UFABC,457.00,22:34:11
450,3.15,-89.30,0.00,183.23,-52.00,UFABC,458.00,22:34:12
451,3.15,-89.70,0.00,181.78,-53.00,UFABC,459.00,22:34:13
452,3.15,-89.70,0.00,179.81,-52.00,UFABC,460.00,22:34:14
453,3.15,-88.00,0.00,177.31,-53.00,UFABC,461.00,22:34:15
454,3.16,-89.50,0.00,177.35,-53.00,UFABC,462.00,22:34:16
455,3.15,-89.70,0.00,177.35,-53.00,UFABC,463.00,22:34:17
456,3.15,-89.60,0.00,176.85,-53.00,UFABC,464.00,22:34:18
457,3.15,-89.70,0.00,178.31,-53.00,UFABC,465.00,22:34:19
458,3.15,-89.60,0.00,179.31,-52.00,UFABC,466.00,22:34:20
459,3.15,-89.80,0.00,179.31,-52.00,UFABC,467.00,22:34:21
460,3.15,-89.90,0.00,181.32,-52.00,UFABC,468.00,22:34:22
461,3.15,-89.60,0.00,180.82,-52.00,UFABC,469.00,22:34:23
462,3.15,-89.60,0.00,180.82,-52.00,UFABC,471.00,22:34:24
463,3.15,-89.50,0.00,181.32,-52.00,UFABC,472.00,22:34:25
464,3.15,-89.70,0.00,180.82,-52.00,UFABC,473.00,22:34:26
465,3.15,-89.90,0.00,180.82,-52.00,UFABC,474.00,22:34:27
466,3.14,-89.50,0.00,181.32,-52.00,UFABC,475.00,22:34:28
467,3.15,-89.60,0.00,181.27,-53.00,UFABC,476.00,22:34:29
468,3.15,-90.10,0.00,182.28,-52.00,UFABC,477.00,22:34:30
469,3.14,-89.30,0.00,183.28,-52.00,UFABC,478.00,22:34:31
470,3.15,-90.00,0.00,177.85,-52.00,UFABC,479.00,22:34:32
471,3.15,-90.00,0.00,178.81,-55.00,UFABC,480.00,22:34:33
472,3.15,-89.40,0.00,175.35,-54.00,UFABC,481.00,22:34:34
473,3.15,-89.40,0.00,175.85,-54.00,UFABC,482.00,22:34:35
474,3.15,-89.90,0.00,175.85,-52.00,UFABC,483.00,22:34:36
475,3.15,-89.70,0.00,175.85,-52.00,UFABC,484.00,22:34:37
476,3.15,-89.80,0.00,176.35,-52.00,UFABC,485.00,22:34:39
477,3.15,-89.50,0.00,176.35,-54.00,UFABC,486.00,22:34:40
478,3.15,-89.50,0.00,175.85,-54.00,UFABC,487.00,22:34:41
479,3.15,-89.70,0.00,175.85,-54.00,UFABC,488.00,22:34:42
480,3.15,-89.70,0.00,176.35,-54.00,UFABC,489.00,22:34:43
481,3.15,-89.60,0.00,180.32,-54.00,UFABC,490.00,22:34:44
482,3.15,-89.60,0.00,181.32,-55.00,UFABC,491.00,22:34:45
483,3.15,-89.80,0.00,180.82,-53.00,UFABC,492.00,22:34:46
484,3.15,-90.10,0.00,180.82,-53.00,UFABC,493.00,22:34:47
485,3.15,-89.90,0.00,180.82,-53.00,UFABC,494.00,22:34:48
486,3.15,-90.10,0.00,180.82,-53.00,UFABC,495.00,22:34:49
487,3.15,-89.60,0.00,180.82,-52.00,UFABC,496.00,22:34:50
488,3.15,-89.80,0.00,176.85,-54.00,UFABC,497.00,22:34:51
489,3.15,-89.50,0.00,174.34,-56.00,UFABC,498.00,22:34:52
490,3.14,-90.00,0.00,180.32,-56.00,UFABC,499.00,22:34:53
491,3.15,-89.60,0.00,181.27,-54.00,UFABC,500.00,22:34:54
492,3.15,-89.50,0.00,180.32,-54.00,UFABC,501.00,22:34:55
493,3.14,-89.80,0.00,179.81,-54.00,UFABC,503.00,22:34:56
494,3.14,-90.20,0.00,179.81,-54.00,UFABC,504.00,22:34:57
495,3.15,-89.30,0.00,179.81,-54.00,UFABC,505.00,22:34:58
496,3.15,-89.80,0.00,179.81,-54.00,UFABC,506.00,22:34:59
497,3.14,-90.00,0.00,179.31,-54.00,UFABC,507.00,22:35:0
498,3.14,-90.00,0.00,182.78,-54.00,UFABC,508.00,22:35:1
499,3.14,-89.10,0.00,183.28,-54.00,UFABC,509.00,22:35:2
500,3.15,-89.50,0.00,179.81,-54.00,UFABC,510.00,22:35:3
501,3.14,-89.50,0.00,179.81,-54.00,UFABC,511.00,22:35:4
502,3.15,-89.80,0.00,181.27,-53.00,UFABC,512.00,22:35:5
503,3.15,-89.60,0.00,179.81,-54.00,UFABC,513.00,22:35:7
504,3.15,-89.60,0.00,179.81,-54.00,UFABC,514.00,22:35:8
505,3.15,-89.70,0.00,180.77,-52.00,UFABC,515.00,22:35:9
506,3.15,-89.30,0.00,180.77,-52.00,UFABC,516.00,22:35:10
507,3.15,-89.70,0.00,180.77,-52.00,UFABC,517.00,22:35:11
508,3.15,-87.20,0.00,180.77,-52.00,UFABC,518.00,22:35:12
509,3.15,-89.70,0.00,180.77,-53.00,UFABC,519.00,22:35:13
510,3.15,-89.50,0.00,182.78,-53.00,UFABC,520.00,22:35:14
511,3.15,-90.00,0.00,183.28,-53.00,UFABC,521.00,22:35:15
512,3.15,-89.20,0.00,183.28,-52.00,UFABC,522.00,22:35:16
513,3.15,-89.60,0.00,182.78,-54.00,UFABC,523.00,22:35:17
514,3.15,-89.40,0.00,182.78,-54.00,UFABC,524.00,22:35:18
515,3.15,-89.70,0.00,182.78,-54.00,UFABC,525.00,22:35:19
516,3.15,-90.00,0.00,181.78,-53.00,UFABC,526.00,22:35:20
517,3.15,-89.50,0.00,180.82,-53.00,UFABC,527.00,22:35:21
518,3.15,-89.50,0.00,180.77,-53.00,UFABC,528.00,22:35:22
519,3.15,-89.80,0.00,180.77,-53.00,UFABC,529.00,22:35:23
520,3.15,-89.30,0.00,181.27,-52.00,UFABC,530.00,22:35:24
521,3.15,-89.80,0.00,181.27,-52.00,UFABC,531.00,22:35:25
522,3.15,-89.60,0.00,182.78,-52.00,UFABC,532.00,22:35:26
523,3.15,-89.90,0.00,182.78,-52.00,UFABC,533.00,22:35:27
524,3.15,-89.40,0.00,181.27,-52.00,UFABC,535.00,22:35:28
525,3.15,-89.60,0.00,183.28,-52.00,UFABC,536.00,22:35:29
526,3.15,-89.60,0.00,183.23,-52.00,UFABC,537.00,22:35:30
527,3.15,-89.50,0.00,182.78,-52.00,UFABC,538.00,22:35:31
528,3.14,-90.20,0.00,179.81,-52.00,UFABC,539.00,22:35:32
529,3.14,-89.60,0.00,180.32,-52.00,UFABC,540.00,22:35:33
530,3.15,-89.70,0.00,179.81,-53.00,UFABC,541.00,22:35:35
531,3.15,-89.90,0.00,179.31,-53.00,UFABC,542.00,22:35:36
532,3.15,-90.00,0.00,178.81,-54.00,UFABC,543.00,22:35:37
533,3.15,-89.60,0.00,179.31,-53.00,UFABC,544.00,22:35:38
534,3.14,-89.40,0.00,179.31,-53.00,UFABC,545.00,22:35:39
535,3.15,-89.60,0.00,179.81,-52.00,UFABC,546.00,22:35:40
536,3.15,-89.50,0.00,182.28,-53.00,UFABC,547.00,22:35:41
537,3.15,-90.10,0.00,180.77,-53.00,UFABC,548.00,22:35:42
538,3.15,-89.90,0.00,183.28,-52.00,UFABC,549.00,22:35:43
539,3.15,-89.80,0.00,182.78,-52.00,UFABC,550.00,22:35:44
540,3.15,-89.90,0.00,181.27,-52.00,UFABC,551.00,22:35:45
541,3.15,-89.40,0.00,182.78,-52.00,UFABC,552.00,22:35:46
542,3.15,-90.00,0.00,182.28,-54.00,UFABC,553.00,22:35:47
543,3.14,-90.00,0.00,176.30,-54.00,UFABC,554.00,22:35:48
544,3.15,-90.00,0.00,182.28,-54.00,UFABC,555.00,22:35:49
545,3.16,-88.20,0.00,182.78,-54.00,UFABC,556.00,22:35:50
546,3.15,-90.10,0.00,183.28,-53.00,UFABC,557.00,22:35:51
547,3.14,-89.90,0.00,183.28,-52.00,UFABC,558.00,22:35:52
548,3.15,-89.40,0.00,181.78,-52.00,UFABC,559.00,22:35:53
549,3.15,-89.30,0.00,182.78,-52.00,UFABC,560.00,22:35:54
550,3.15,-89.50,0.00,183.78,-53.00,UFABC,561.00,22:35:55
551,3.14,-89.90,0.00,178.81,-54.00,UFABC,562.00,22:35:56
552,3.15,-90.90,0.00,174.34,-55.00,UFABC,563.00,22:35:57
553,3.15,-90.20,0.00,182.28,-54.00,UFABC,564.00,22:35:58
554,3.16,-89.80,0.00,182.28,-54.00,UFABC,565.00,22:35:59
555,3.15,-90.20,0.00,171.88,-54.00,UFABC,567.00,22:36:0
556,3.15,-89.40,0.00,171.88,-54.00,UFABC,568.00,22:36:1
557,3.15,-89.60,0.00,171.83,-55.00,UFABC,569.00,22:36:2
558,3.15,-89.90,0.00,175.35,-54.00,UFABC,570.00,22:36:4
559,3.15,-90.00,0.00,171.38,-53.00,UFABC,571.00,22:36:5
560,3.15,-89.40,0.00,171.38,-53.00,UFABC,572.00,22:36:6
561,3.15,-89.80,0.00,171.83,-53.00,UFABC,573.00,22:36:7
562,3.15,-89.70,0.00,175.85,-55.00,UFABC,574.00,22:36:8
563,3.14,-89.70,0.00,183.23,-53.00,UFABC,575.00,22:36:9
564,3.14,-90.20,0.00,183.23,-53.00,UFABC,576.00,22:36:10
565,3.15,-89.90,0.00,183.28,-53.00,UFABC,577.00,22:36:11
566,3.15,-90.10,0.00,183.73,-53.00,UFABC,578.00,22:36:12
567,3.15,-89.60,0.00,183.73,-53.00,UFABC,579.00,22:36:13
568,3.15,-89.40,0.00,183.73,-53.00,UFABC,580.00,22:36:14
569,3.15,-89.50,0.00,183.73,-53.00,UFABC,581.00,22:36:15
570,3.15,-90.30,0.00,183.28,-52.00,UFABC,582.00,22:36:16
571,3.15,-89.60,0.00,183.28,-51.00,UFABC,583.00,22:36:17
572,3.15,-89.70,0.00,183.23,-51.00,UFABC,584.00,22:36:18
573,3.15,-89.50,0.00,183.23,-52.00,UFABC,585.00,22:36:19
574,3.15,-89.70,0.00,183.28,-52.00,UFABC,586.00,22:36:20
575,3.15,-89.70,0.00,175.85,-54.00,UFABC,587.00,22:36:21
576,3.15,-89.90,0.00,170.37,-56.00,UFABC,588.00,22:36:22
577,3.15,-89.80,0.00,170.88,-56.00,UFABC,589.00,22:36:23
578,3.15,-90.00,0.00,174.84,-55.00,UFABC,590.00,22:36:24
579,3.15,-89.60,0.00,182.78,-55.00,UFABC,591.00,22:36:25
580,3.15,-89.90,0.00,172.34,-54.00,UFABC,592.00,22:36:26
581,3.15,-89.70,0.00,170.88,-55.00,UFABC,593.00,22:36:27
582,3.15,-89.40,0.00,170.37,-55.00,UFABC,594.00,22:36:28
583,3.15,-89.60,0.00,169.87,-55.00,UFABC,595.00,22:36:29
584,3.15,-89.70,0.00,169.37,-54.00,UFABC,596.00,22:36:30
585,3.15,-90.00,0.00,169.37,-51.00,UFABC,598.00,22:36:32
586,3.15,-90.00,0.00,169.37,-51.00,UFABC,599.00,22:36:33
587,3.15,-89.40,0.00,169.37,-53.00,UFABC,600.00,22:36:34
588,3.15,-89.70,0.00,180.77,-54.00,UFABC,601.00,22:36:35
589,3.15,-89.80,0.00,183.28,-56.00,UFABC,602.00,22:36:36
590,3.15,-90.00,0.00,183.23,-55.00,UFABC,603.00,22:36:37
591,3.15,-89.40,0.00,183.23,-55.00,UFABC,604.00,22:36:38
592,3.15,-89.60,0.00,183.28,-54.00,UFABC,605.00,22:36:39
593,3.15,-89.50,0.00,183.28,-54.00,UFABC,606.00,22:36:40
594,3.15,-89.90,0.00,172.84,-54.00,UFABC,607.00,22:36:41
595,3.15,-89.50,0.00,174.80,-54.00,UFABC,608.00,22:36:42
596,3.15,-89.50,0.00,175.35,-55.00,UFABC,609.00,22:36:43
597,3.15,-89.50,0.00,171.83,-55.00,UFABC,610.00,22:36:44
598,3.15,-89.70,0.00,171.83,-55.00,UFABC,611.00,22:36:45
599,3.15,-89.80,0.00,183.28,-55.00,UFABC,612.00,22:36:46
600,3.15,-89.30,0.00,182.28,-55.00,UFABC,613.00,22:36:47
601,3.14,-90.00,0.00,182.28,-57.00,UFABC,614.00,22:36:48
602,3.15,-89.20,0.00,182.78,-54.00,UFABC,615.00,22:36:49
603,3.15,-89.50,0.00,182.78,-53.00,UFABC,616.00,22:36:50
604,3.15,-89.80,0.00,181.78,-53.00,UFABC,617.00,22:36:51
605,3.15,-89.70,0.00,173.34,-52.00,UFABC,618.00,22:36:52
606,3.15,-89.40,0.00,180.27,-52.00,UFABC,619.00,22:36:53
607,3.15,-89.60,0.00,183.28,-55.00,UFABC,620.00,22:36:54
608,3.15,-89.70,0.00,182.78,-55.00,UFABC,621.00,22:36:55
609,3.15,-90.00,0.00,182.78,-53.00,UFABC,622.00,22:36:56
610,3.15,-89.50,0.00,182.78,-53.00,UFABC,623.00,22:36:57
611,3.15,-89.40,0.00,182.78,-52.00,UFABC,624.00,22:36:58
612,3.15,-89.70,0.00,181.78,-52.00,UFABC,625.00,22:36:59
613,3.15,-90.00,0.00,174.34,-54.00,UFABC,626.00,22:37:1
614,3.15,-89.60,0.00,181.27,-55.00,UFABC,627.00,22:37:2
615,3.15,-89.80,0.00,181.27,-54.00,UFABC,628.00,22:37:3
616,3.14,-90.30,0.00,171.38,-54.00,UFABC,630.00,22:37:4
617,3.15,-89.60,0.00,175.85,-55.00,UFABC,631.00,22:37:5
618,3.15,-89.90,0.00,182.28,-55.00,UFABC,632.00,22:37:6
619,3.15,-89.60,0.00,182.78,-55.00,UFABC,633.00,22:37:7
620,3.15,-89.30,0.00,182.78,-54.00,UFABC,634.00,22:37:8
621,3.14,-89.80,0.00,182.78,-54.00,UFABC,635.00,22:37:9
622,3.14,-89.50,0.00,182.28,-54.00,UFABC,636.00,22:37:10
623,3.15,-89.20,0.00,182.78,-54.00,UFABC,637.00,22:37:11
624,3.15,-89.70,0.00,182.78,-54.00,UFABC,638.00,22:37:12
625,3.15,-89.60,0.00,182.78,-54.00,UFABC,639.00,22:37:13
626,3.15,-89.70,0.00,182.78,-54.00,UFABC,640.00,22:37:14
627,3.15,-89.90,0.00,182.28,-54.00,UFABC,641.00,22:37:15
628,3.15,-89.90,0.00,182.78,-54.00,UFABC,642.00,22:37:16
629,3.15,-89.80,0.00,182.78,-54.00,UFABC,643.00,22:37:17
630,3.15,-89.30,0.00,181.78,-54.00,UFABC,644.00,22:37:18
631,3.15,-89.80,0.00,181.78,-54.00,UFABC,645.00,22:37:19
632,3.15,-89.80,0.00,181.78,-54.00,UFABC,646.00,22:37:20
633,3.15,-90.50,0.00,180.77,-54.00,UFABC,647.00,22:37:21
634,3.15,-89.40,0.00,180.82,-54.00,UFABC,648.00,22:37:22
635,3.15,-89.70,0.00,180.82,-54.00,UFABC,649.00,22:37:23
636,3.15,-89.50,0.00,180.32,-54.00,UFABC,650.00,22:37:24
637,3.15,-89.80,0.00,181.27,-55.00,UFABC,651.00,22:37:25
638,3.14,-89.70,0.00,180.77,-52.00,UFABC,652.00,22:37:26
639,3.15,-89.30,0.00,180.77,-52.00,UFABC,653.00,22:37:27
640,3.15,-89.40,0.00,180.82,-55.00,UFABC,654.00,22:37:29
641,3.15,-89.50,0.00,180.77,-55.00,UFABC,655.00,22:37:30
642,3.15,-89.60,0.00,180.77,-55.00,UFABC,656.00,22:37:31
643,3.14,-89.60,0.00,180.77,-53.00,UFABC,657.00,22:37:32
644,3.15,-90.10,0.00,173.38,-54.00,UFABC,658.00,22:37:33
645,3.15,-89.40,0.00,183.73,-57.00,UFABC,659.00,22:37:34
646,3.15,-89.20,0.00,183.23,-59.00,UFABC,660.00,22:37:35
647,3.15,-89.70,0.00,182.78,-58.00,UFABC,662.00,22:37:36
648,3.15,-89.60,0.00,182.78,-57.00,UFABC,663.00,22:37:37
649,3.15,-89.30,0.00,183.73,-64.00,UFABC,664.00,22:37:38
650,3.14,-89.90,0.00,182.78,-56.00,UFABC,665.00,22:37:39
651,3.14,-90.00,0.00,173.34,-53.00,UFABC,666.00,22:37:40
652,3.15,-89.30,0.00,177.81,-45.00,UFABC,667.00,22:37:41
653,3.15,-89.40,0.00,174.34,-43.00,UFABC,668.00,22:37:42
654,3.15,-89.50,0.00,124.68,-44.00,UFABC,669.00,22:37:43
655,3.15,-89.60,0.00,172.38,-44.00,UFABC,670.00,22:37:44
656,3.15,-89.80,0.00,172.34,-45.00,UFABC,671.00,22:37:45
657,3.15,-90.10,0.00,171.38,-44.00,UFABC,672.00,22:37:46
658,3.15,-89.80,0.00,170.37,-44.00,UFABC,673.00,22:37:47
659,3.15,-89.70,0.00,169.87,-44.00,UFABC,674.00,22:37:48
660,3.15,-90.00,0.00,165.36,-50.00,UFABC,675.00,22:37:49
661,3.15,-89.60,0.00,170.88,-49.00,UFABC,676.00,22:37:50
662,3.15,-89.50,0.00,170.88,-49.00,UFABC,677.00,22:37:51
663,3.15,-89.60,0.00,172.84,-50.00,UFABC,678.00,22:37:52
664,3.15,-90.00,0.00,174.80,-48.00,UFABC,679.00,22:37:53
665,3.15,-89.30,0.00,2316.46,-50.00,UFABC,680.00,22:37:54
666,3.15,-89.30,0.00,3014.40,-48.00,UFABC,681.00,22:37:55
667,3.15,-90.00,0.00,3010.94,-48.00,UFABC,682.00,22:37:57
668,3.15,-89.50,0.00,3007.90,-47.00,UFABC,683.00,22:37:58
669,3.15,-89.20,0.00,3008.41,-48.00,UFABC,684.00,22:37:59
670,3.15,-89.50,0.00,3006.47,-47.00,UFABC,685.00,22:38:0
671,3.15,-90.10,0.00,172.84,-46.00,UFABC,686.00,22:38:1
672,3.15,-89.40,0.00,172.84,-46.00,UFABC,687.00,22:38:2
673,3.15,-89.30,0.00,172.84,-46.00,UFABC,688.00,22:38:3
674,3.15,-89.30,0.00,173.79,-48.00,UFABC,689.00,22:38:4
675,3.15,-89.80,0.00,170.83,-46.00,UFABC,690.00,22:38:5
676,3.15,-90.40,0.00,124.68,-45.00,UFABC,691.00,22:38:6
677,3.15,-89.60,0.00,169.87,-42.00,UFABC,693.00,22:38:7
678,3.15,-89.60,0.00,170.37,-43.00,UFABC,694.00,22:38:8
679,3.14,-89.90,0.00,169.87,-43.00,UFABC,695.00,22:38:9
680,3.15,-89.60,0.00,164.90,-43.00,UFABC,696.00,22:38:10
681,3.15,-90.00,0.00,169.37,-45.00,UFABC,697.00,22:38:11
682,3.15,-90.10,0.00,100.83,-47.00,UFABC,698.00,22:38:12
683,3.15,-89.30,0.00,167.87,-48.00,UFABC,699.00,22:38:13
684,3.15,-89.90,0.00,170.83,-48.00,UFABC,700.00,22:38:14
685,3.15,-89.30,0.00,169.87,-51.00,UFABC,701.00,22:38:15
686,3.14,-90.60,0.00,168.87,-58.00,UFABC,702.00,22:38:16
687,3.15,-89.20,0.00,170.33,-50.00,UFABC,703.00,22:38:17
688,3.15,-89.50,0.00,169.37,-44.00,UFABC,704.00,22:38:18
689,3.15,-89.40,0.00,169.37,-44.00,UFABC,705.00,22:38:19
690,3.15,-90.20,0.00,171.33,-43.00,UFABC,706.00,22:38:20
691,3.15,-89.90,0.00,170.83,-45.00,UFABC,707.00,22:38:21
692,3.15,-89.40,0.00,164.90,-45.00,UFABC,708.00,22:38:22
693,3.15,-89.50,0.00,154.96,-44.00,UFABC,709.00,22:38:23
694,3.15,-89.60,0.00,159.93,-44.00,UFABC,710.00,22:38:25
695,3.14,-89.60,0.00,169.87,-44.00,UFABC,711.00,22:38:26
696,3.15,-89.90,0.00,167.87,-45.00,UFABC,712.00,22:38:27
697,3.15,-89.90,0.00,170.88,-46.00,UFABC,713.00,22:38:28
698,3.15,-89.80,0.00,170.88,-45.00,UFABC,714.00,22:38:29
699,3.15,-89.90,0.00,171.38,-45.00,UFABC,715.00,22:38:30
700,3.15,-89.80,0.00,168.87,-45.00,UFABC,716.00,22:38:31
701,3.15,-89.90,0.00,170.88,-45.00,UFABC,717.00,22:38:32
702,3.15,-89.70,0.00,171.38,-51.00,UFABC,718.00,22:38:33
703,3.14,-89.60,0.00,176.85,-51.00,UFABC,719.00,22:38:34
704,3.15,-89.70,0.00,177.81,-47.00,UFABC,720.00,22:38:35
705,3.15,-89.50,0.00,178.81,-42.00,UFABC,721.00,22:38:36
706,3.15,-89.30,0.00,176.85,-43.00,UFABC,722.00,22:38:37
707,3.15,-89.60,0.00,178.31,-43.00,UFABC,723.00,22:38:38
708,3.15,-90.00,0.00,157.47,-49.00,UFABC,725.00,22:38:39
709,3.15,-90.40,0.00,167.41,-53.00,UFABC,726.00,22:38:40
710,3.15,-89.10,0.00,165.40,-53.00,UFABC,727.00,22:38:41
711,3.14,-89.10,0.00,175.85,-52.00,UFABC,728.00,22:38:42
712,3.14,-90.10,0.00,178.81,-58.00,UFABC,729.00,22:38:43
713,3.14,-89.60,0.00,176.80,-50.00,UFABC,730.00,22:38:44
714,3.14,-89.40,0.00,173.84,-48.00,UFABC,731.00,22:38:45
715,3.15,-89.70,0.00,176.85,-50.00,UFABC,732.00,22:38:46
716,3.14,-89.70,0.00,178.31,-50.00,UFABC,733.00,22:38:47
717,3.14,-89.90,0.00,178.81,-48.00,UFABC,734.00,22:38:48
718,3.14,-89.80,0.00,172.84,-47.00,UFABC,735.00,22:38:49
719,3.15,-90.20,0.00,168.87,-50.00,UFABC,736.00,22:38:50
720,3.14,-87.30,0.00,177.81,-53.00,UFABC,737.00,22:38:52
721,3.15,-89.60,0.00,182.28,-54.00,UFABC,738.00,22:38:53
722,3.15,-89.70,0.00,181.27,-50.00,UFABC,739.00,22:38:54
723,3.15,-89.50,0.00,179.31,-49.00,UFABC,740.00,22:38:55
724,3.15,-89.70,0.00,179.81,-43.00,UFABC,741.00,22:38:56
725,3.15,-89.90,0.00,180.32,-43.00,UFABC,742.00,22:38:57
726,3.15,-89.80,0.00,180.27,-44.00,UFABC,743.00,22:38:58
727,3.15,-89.60,0.00,182.78,-43.00,UFABC,744.00,22:38:59
728,3.15,-89.90,0.00,182.78,-49.00,UFABC,745.00,22:39:0
729,3.14,-89.40,0.00,182.28,-49.00,UFABC,746.00,22:39:1
730,3.15,-89.40,0.00,179.81,-40.00,UFABC,747.00,22:39:2
731,3.15,-89.60,0.00,182.28,-39.00,UFABC,748.00,22:39:3
732,3.15,-89.70,0.00,180.77,-38.00,UFABC,749.00,22:39:4
733,3.15,-89.50,0.00,181.27,-38.00,UFABC,750.00,22:39:5
734,3.15,-89.20,0.00,181.27,-38.00,UFABC,751.00,22:39:6
735,3.15,-89.60,0.00,180.77,-38.00,UFABC,752.00,22:39:7
736,3.15,-89.40,0.00,174.80,-40.00,UFABC,754.00,22:39:8
737,3.15,-89.70,0.00,169.32,-36.00,UFABC,755.00,22:39:9
738,3.14,-90.10,0.00,175.30,-38.00,UFABC,756.00,22:39:10
739,3.14,-90.00,0.00,175.35,-39.00,UFABC,757.00,22:39:11
740,3.14,-90.10,0.00,175.80,-40.00,UFABC,758.00,22:39:12
741,3.15,-89.50,0.00,175.80,-40.00,UFABC,759.00,22:39:13
742,3.15,-89.80,0.00,176.30,-40.00,UFABC,760.00,22:39:14
743,3.15,-89.60,0.00,166.41,-39.00,UFABC,761.00,22:39:15
744,3.15,-89.50,0.00,153.91,-39.00,UFABC,762.00,22:39:16
745,3.14,-89.70,0.00,167.31,-37.00,UFABC,763.00,22:39:17
746,3.14,-89.50,0.00,180.27,-39.00,UFABC,764.00,22:39:18
747,3.14,-90.00,0.00,180.32,-39.00,UFABC,765.00,22:39:20
748,3.14,-90.20,0.00,154.96,-39.00,UFABC,766.00,22:39:21
749,3.15,-89.70,0.00,166.36,-39.00,UFABC,767.00,22:39:22
750,3.14,-89.60,0.00,162.39,-38.00,UFABC,768.00,22:39:23
751,3.15,-89.40,0.00,167.82,-38.00,UFABC,769.00,22:39:24
752,3.15,-89.20,0.00,165.36,-38.00,UFABC,770.00,22:39:25
753,3.15,-89.50,0.00,170.33,-39.00,UFABC,771.00,22:39:26
754,3.15,-89.80,0.00,181.27,-39.00,UFABC,772.00,22:39:27
755,3.14,-89.70,0.00,182.28,-43.00,UFABC,773.00,22:39:28
756,3.15,-89.70,0.00,182.28,-43.00,UFABC,774.00,22:39:29
757,3.14,-89.70,0.00,182.28,-43.00,UFABC,775.00,22:39:30
758,3.14,-90.10,0.00,182.28,-43.00,UFABC,776.00,22:39:31
759,3.14,-90.20,0.00,181.78,-43.00,UFABC,777.00,22:39:32
760,3.14,-89.70,0.00,177.81,-41.00,UFABC,778.00,22:39:33
761,3.15,-89.60,0.00,178.81,-49.00,UFABC,779.00,22:39:34
762,3.15,-89.50,0.00,177.85,-45.00,UFABC,780.00,22:39:35
763,3.15,-89.50,0.00,177.85,-39.00,UFABC,781.00,22:39:36
764,3.15,-89.60,0.00,177.85,-38.00,UFABC,782.00,22:39:37
765,3.15,-89.60,0.00,178.35,-38.00,UFABC,783.00,22:39:38
766,3.15,-89.30,0.00,178.35,-38.00,UFABC,784.00,22:39:39
767,3.15,-89.50,0.00,177.85,-38.00,UFABC,786.00,22:39:40
768,3.15,-89.80,0.00,177.85,-38.00,UFABC,787.00,22:39:41
769,3.15,-89.70,0.00,177.85,-39.00,UFABC,788.00,22:39:42
770,3.15,-89.90,0.00,177.35,-39.00,UFABC,789.00,22:39:43
771,3.14,-89.50,0.00,177.85,-39.00,UFABC,790.00,22:39:44
772,3.14,-90.40,0.00,178.31,-39.00,UFABC,791.00,22:39:45
773,3.14,-89.90,0.00,178.35,-37.00,UFABC,792.00,22:39:46
774,3.15,-89.60,0.00,177.85,-37.00,UFABC,793.00,22:39:47
775,3.15,-89.50,0.00,177.85,-37.00,UFABC,794.00,22:39:49
776,3.15,-89.70,0.00,178.35,-38.00,UFABC,795.00,22:39:50
777,3.15,-89.60,0.00,177.81,-38.00,UFABC,796.00,22:39:51
778,3.15,-89.50,0.00,171.88,-40.00,UFABC,797.00,22:39:52
779,3.15,-89.60,0.00,173.34,-39.00,UFABC,798.00,22:39:53
780,3.15,-89.70,0.00,173.34,-38.00,UFABC,799.00,22:39:54
781,3.15,-89.90,0.00,176.85,-38.00,UFABC,800.00,22:39:55
782,3.15,-89.40,0.00,176.35,-38.00,UFABC,801.00,22:39:56
783,3.14,-89.60,0.00,172.38,-38.00,UFABC,802.00,22:39:57
784,3.15,-89.50,0.00,175.85,-38.00,UFABC,803.00,22:39:58
785,3.15,-89.80,0.00,176.85,-38.00,UFABC,804.00,22:39:59
786,3.14,-89.60,0.00,172.88,-38.00,UFABC,805.00,22:40:0
787,3.14,-89.80,0.00,175.85,-38.00,UFABC,806.00,22:40:1
788,3.14,-90.10,0.00,177.85,-38.00,UFABC,807.00,22:40:2
789,3.14,-89.90,0.00,177.81,-38.00,UFABC,808.00,22:40:3
790,3.14,-89.70,0.00,177.81,-38.00,UFABC,809.00,22:40:4
791,3.15,-89.70,0.00,178.31,-38.00,UFABC,810.00,22:40:5
792,3.15,-89.50,0.00,178.31,-38.00,UFABC,811.00,22:40:6
793,3.14,-89.90,0.00,178.31,-39.00,UFABC,812.00,22:40:7
794,3.15,-89.50,0.00,178.31,-39.00,UFABC,813.00,22:40:8
795,3.15,-89.80,0.00,178.31,-38.00,UFABC,814.00,22:40:9
796,3.15,-90.30,0.00,181.78,-39.00,UFABC,815.00,22:40:10
797,3.15,-89.80,0.00,180.32,-39.00,UFABC,816.00,22:40:11
798,3.15,-90.20,0.00,178.81,-39.00,UFABC,818.00,22:40:12
799,3.15,-89.90,0.00,178.81,-37.00,UFABC,819.00,22:40:13
800,3.14,-89.80,0.00,178.81,-37.00,UFABC,820.00,22:40:14
801,3.14,-89.90,0.00,178.31,-37.00,UFABC,821.00,22:40:15
802,3.14,-89.90,0.00,178.81,-37.00,UFABC,822.00,22:40:17
803,3.14,-89.70,0.00,178.81,-38.00,UFABC,823.00,22:40:18
804,3.14,-90.40,0.00,179.31,-39.00,UFABC,824.00,22:40:19
805,3.14,-89.80,0.00,179.31,-40.00,UFABC,825.00,22:40:20
806,3.14,-90.10,0.00,178.81,-40.00,UFABC,826.00,22:40:21
807,3.15,-89.80,0.00,178.81,-40.00,UFABC,827.00,22:40:22
808,3.15,-90.00,0.00,178.31,-40.00,UFABC,828.00,22:40:23
809,3.15,-89.50,0.00,181.27,-40.00,UFABC,829.00,22:40:24
810,3.15,-89.60,0.00,181.27,-40.00,UFABC,830.00,22:40:25
811,3.15,-89.90,0.00,181.27,-40.00,UFABC,831.00,22:40:26
812,3.14,-89.50,0.00,182.78,-39.00,UFABC,832.00,22:40:27
813,3.14,-89.90,0.00,182.28,-37.00,UFABC,833.00,22:40:28
814,3.14,-89.90,0.00,182.28,-38.00,UFABC,834.00,22:40:29
815,3.15,-90.00,0.00,182.78,-38.00,UFABC,835.00,22:40:30
816,3.14,-90.00,0.00,182.78,-38.00,UFABC,836.00,22:40:31
817,3.14,-90.10,0.00,182.78,-38.00,UFABC,837.00,22:40:32
818,3.14,-89.60,0.00,182.78,-38.00,UFABC,838.00,22:40:33
819,3.15,-89.60,0.00,182.78,-38.00,UFABC,839.00,22:40:34
820,3.15,-89.50,0.00,182.78,-38.00,UFABC,840.00,22:40:35
821,3.15,-89.70,0.00,155.01,-38.00,UFABC,841.00,22:40:36
822,3.14,-89.50,0.00,81.39,-38.00,UFABC,842.00,22:40:37
823,3.14,-89.50,0.00,175.80,-38.00,UFABC,843.00,22:40:38
824,3.14,-89.80,0.00,182.73,-38.00,UFABC,844.00,22:40:39
825,3.14,-90.10,0.00,183.23,-39.00,UFABC,845.00,22:40:40
826,3.14,-90.10,0.00,182.28,-37.00,UFABC,846.00,22:40:41
